longitude,latitude,index,B2,B3,B4,B5,B6,B7,B8,B8A,B11,B12,LAI
-72.17145841,42.53783382,0,0.0198,0.0532,0.0169,0.0982,0.3507,0.4087,0.4433,0.4232,0.1646,0.0673,4.03
-72.17145841,42.53783382,1,0.0236,0.0405,0.0193,0.0782,0.3244,0.4116,0.4295,0.449,0.1786,0.0718,4.82
-72.17145841,42.53783382,2,0.0197,0.0203,0.0126,0.0247,0.0888,0.1154,0.0948,0.1156,0.0293,0.0117,3.871
-72.17145841,42.53783382,3,0.0176,0.0422,0.0188,0.0757,0.3112,0.3827,0.398,0.3963,0.167,0.0656,4.22
-72.17145841,42.53783382,4,0.0204,0.0405,0.0182,0.0711,0.2746,0.345,0.371,0.3663,0.158,0.0626,4.281
-72.17145841,42.53783382,5,0.0175,0.0373,0.0204,0.0792,0.2388,0.3075,0.3078,0.3358,0.1523,0.0618,3.51
-72.17145841,42.53783382,6,0.0132,0.0386,0.0201,0.0812,0.239,0.287,0.2995,0.3081,0.1444,0.0596,4.86
-72.17145841,42.53783382,7,0.0322,0.0474,0.0284,0.0843,0.3058,0.3786,0.3803,0.4062,0.1778,0.0736,4.733
-72.17145841,42.53783382,8,0.0282,0.0475,0.0224,0.0802,0.3345,0.4433,0.4428,0.4636,0.1922,0.0739,4.31
-72.17145841,42.53783382,9,0.0185,0.0373,0.0185,0.0662,0.2751,0.3446,0.373,0.3784,0.1631,0.066,4.348
-72.17145841,42.53783382,10,0.0195,0.0356,0.0171,0.0676,0.2672,0.3491,0.3602,0.3568,0.1601,0.0641,4.56
-72.17145841,42.53783382,11,0.0182,0.0387,0.0173,0.0706,0.2579,0.3184,0.3406,0.3399,0.1519,0.0627,4.051
-72.17145841,42.53783382,12,0.0085,0.0417,0.0254,0.1093,0.2403,0.2772,0.2777,0.303,0.1433,0.0602,4.485
-72.17145841,42.53783382,13,0.0546,0.0752,0.0896,0.117,0.1803,0.2044,0.2162,0.2328,0.2053,0.1271,2.85
-72.17145841,42.53783382,14,0.071,0.0608,0.0296,0.0462,0.1246,0.1394,0.2132,0.1428,0.0591,0.0228,3.26
-72.17145841,42.53783382,15,0.0268,0.0555,0.0253,0.0962,0.3369,0.4076,0.4184,0.4307,0.1799,0.075,4.6
-72.17145841,42.53783382,16,0.0184,0.0415,0.0192,0.0744,0.2815,0.3392,0.3647,0.3772,0.1634,0.066,3.86
-72.17145841,42.53783382,17,0.0331,0.0467,0.0262,0.0699,0.2407,0.2947,0.2787,0.3175,0.1607,0.067,4.027
-72.17145841,42.53783382,18,0.0198,0.042,0.0201,0.072,0.2653,0.3028,0.2952,0.3346,0.1621,0.0673,4.544
-72.17145841,42.53783382,19,0.0152,0.02,0.0122,0.0322,0.0896,0.1093,0.0991,0.1214,0.0607,0.029,3.591
-72.17145841,42.53783382,20,0.0615,0.0829,0.0725,0.1675,0.2896,0.3432,0.3392,0.3853,0.2407,0.1402,3.437
-72.17145841,42.53783382,21,0.0471,0.0596,0.0787,0.1205,0.1851,0.2062,0.229,0.2369,0.2424,0.1532,2.704417331
-72.17145841,42.53783382,22,0.0596,0.0785,0.0849,0.1371,0.2177,0.243,0.26,0.2859,0.2663,0.1641,2.651194677
-72.17145841,42.53783382,23,0.0237,0.0512,0.0224,0.1013,0.3708,0.4433,0.4179,0.4598,0.178,0.0731,4.174592103
-72.17145841,42.53783382,24,0.0184,0.0472,0.017,0.0844,0.3582,0.4392,0.4131,0.453,0.1769,0.067,4.326667437
-72.17145841,42.53783382,25,0.0309,0.058,0.0259,0.0946,0.3827,0.483,0.4576,0.5032,0.1952,0.0784,4.353481183
-72.17145841,42.53783382,26,0.0278,0.0412,0.0194,0.0778,0.3034,0.3803,0.364,0.4089,0.1748,0.0665,4.221778352
-72.17145841,42.53783382,27,0.0293,0.0471,0.0241,0.0784,0.3033,0.4049,0.3885,0.4205,0.1831,0.0705,4.201605476
-72.17145841,42.53783382,28,0.0319,0.049,0.0248,0.0732,0.2943,0.3617,0.3576,0.3792,0.1638,0.0631,4.722328286
-72.17145841,42.53783382,29,0.0259,0.044,0.0209,0.0789,0.2818,0.345,0.3527,0.3601,0.1579,0.0622,4.054221122
-72.17145841,42.53783382,30,0.0148,0.0431,0.029,0.0993,0.2751,0.3158,0.3476,0.3626,0.1596,0.0648,3.708992223
-72.17145841,42.53783382,31,0.0158,0.0388,0.0604,0.1304,0.2459,0.2837,0.2923,0.3261,0.1757,0.0766,3.445642492
-84.46885566,31.19480672,32,0.0436,0.0515,0.0578,0.0901,0.14,0.1625,0.135,0.1732,0.23,0.1795,1.249
-84.46885566,31.19480672,33,0.0237,0.0452,0.0344,0.078,0.1876,0.2048,0.2166,0.2293,0.1771,0.1036,3.238
-84.46885566,31.19480672,34,0.0371,0.0573,0.0402,0.0801,0.2158,0.2515,0.2728,0.2597,0.1946,0.1111,1.88
-84.46885566,31.19480672,35,0.0291,0.0509,0.0323,0.0885,0.2243,0.2683,0.2894,0.2838,0.1817,0.097,3.47
-84.46885566,31.19480672,36,0.0382,0.0625,0.0412,0.0886,0.2304,0.2781,0.3134,0.3004,0.205,0.1114,3.645
-84.46885566,31.19480672,37,0.0287,0.057,0.0354,0.0938,0.2389,0.2816,0.3168,0.2987,0.1782,0.0935,3.592
-84.46885566,31.19480672,38,0.0503,0.0608,0.0508,0.0723,0.1362,0.1603,0.166,0.1752,0.0979,0.0522,4.07
-84.46885566,31.19480672,39,0.0597,0.0818,0.0479,0.121,0.3234,0.3823,0.4224,0.4062,0.2365,0.1235,3.198
-84.46885566,31.19480672,40,0.0307,0.0616,0.032,0.1055,0.3125,0.366,0.4152,0.3941,0.2034,0.0964,3.634
-84.46885566,31.19480672,41,0.0431,0.0571,0.032,0.0863,0.2514,0.3136,0.348,0.339,0.1789,0.0823,2.02
-84.46885566,31.19480672,42,0.0259,0.049,0.0253,0.0839,0.2387,0.2895,0.2968,0.3124,0.1641,0.071,2.28
-84.46885566,31.19480672,43,0.0285,0.0501,0.0297,0.0904,0.2515,0.2924,0.3168,0.3169,0.1797,0.0854,2.88
-84.46885566,31.19480672,44,0.0263,0.0392,0.0243,0.0695,0.1785,0.2134,0.2406,0.2444,0.1552,0.071,1.412
-84.46885566,31.19480672,45,0.0209,0.0334,0.0284,0.0757,0.1621,0.1822,0.1792,0.2159,0.1661,0.0788,1.323
-84.46885566,31.19480672,46,0.0426,0.0458,0.0431,0.0871,0.1647,0.1904,0.161,0.2279,0.1943,0.1026,1.75
-84.46885566,31.19480672,47,0.0174,0.0234,0.0243,0.0655,0.1131,0.1366,0.122,0.1642,0.1484,0.0818,1.255
-84.46885566,31.19480672,48,0.0141,0.0187,0.0299,0.0505,0.0838,0.0985,0.091,0.1228,0.1638,0.0958,1.353
-84.46885566,31.19480672,49,0.0152,0.0252,0.0323,0.0637,0.1018,0.115,0.1172,0.1436,0.1834,0.1093,0.9806
-84.46885566,31.19480672,50,0.0273,0.0392,0.0536,0.0894,0.1227,0.1522,0.1455,0.1685,0.2226,0.142,1.471
-84.46885566,31.19480672,51,0.0244,0.047,0.0265,0.0688,0.1963,0.2363,0.2376,0.247,0.1261,0.0596,4.66
-84.46885566,31.19480672,52,0.0429,0.0711,0.0425,0.095,0.268,0.3165,0.3416,0.3346,0.1993,0.0929,2.68
-84.46885566,31.19480672,53,0.0192,0.0289,0.0346,0.0762,0.1275,0.1595,0.1368,0.1967,0.1775,0.097,2.569
-84.46885566,31.19480672,54,0.014,0.0252,0.0378,0.07,0.1064,0.1346,0.1132,0.1671,0.1667,0.0958,1.017
-84.46885566,31.19480672,55,0.0353,0.0581,0.0581,0.0985,0.1865,0.2296,0.2235,0.2426,0.1912,0.1249,1.215
-84.46885566,31.19480672,56,0.0365,0.0669,0.0436,0.1095,0.2767,0.3266,0.3144,0.3502,0.2077,0.1136,2.64
-84.46885566,31.19480672,57,0.0288,0.0578,0.0318,0.0816,0.248,0.301,0.3188,0.3257,0.1632,0.0822,2.41
-84.46885566,31.19480672,58,0.0337,0.0579,0.0342,0.0897,0.2465,0.2862,0.298,0.3155,0.1698,0.0849,4.86
-84.46885566,31.19480672,59,0.0535,0.0865,0.0595,0.1259,0.3102,0.3615,0.363,0.3921,0.23,0.123,4.981
-84.46885566,31.19480672,60,0.0483,0.0806,0.0567,0.1133,0.2958,0.3562,0.3736,0.373,0.2243,0.1182,2.12
-84.46885566,31.19480672,61,0.033,0.0593,0.0325,0.0815,0.2343,0.2766,0.3282,0.3046,0.1703,0.0798,2.35
-84.46885566,31.19480672,62,0.0444,0.0649,0.0408,0.0933,0.2354,0.272,0.2832,0.3169,0.1536,0.0736,2.01
-84.46885566,31.19480672,63,0.0114,0.0215,0.0226,0.0697,0.1346,0.1663,0.1488,0.1963,0.1317,0.0616,1.446
-84.46885566,31.19480672,64,0.0124,0.0229,0.0202,0.0638,0.1344,0.1516,0.1356,0.1881,0.1386,0.0672,3.753
-84.46885566,31.19480672,65,0.0295,0.0306,0.0354,0.0687,0.102,0.1307,0.1282,0.153,0.1538,0.082,2.85
-84.46885566,31.19480672,66,0.022,0.0284,0.0368,0.0678,0.1173,0.1403,0.1332,0.1673,0.1681,0.0959,1.16090804
-84.46885566,31.19480672,67,0.0372,0.0563,0.0586,0.1032,0.1828,0.2159,0.1954,0.2237,0.2282,0.131,2.339673928
-84.46885566,31.19480672,68,0.0548,0.0768,0.0612,0.1217,0.2524,0.2901,0.2864,0.3112,0.2225,0.1261,4.102700707
-84.46885566,31.19480672,69,0.0393,0.0559,0.0414,0.0868,0.2059,0.2465,0.2524,0.2649,0.1808,0.0966,1.978009983
-84.46885566,31.19480672,70,0.0374,0.0554,0.0357,0.0888,0.2095,0.2547,0.2546,0.2696,0.1786,0.1027,2.680873416
-84.46885566,31.19480672,71,0.0354,0.0526,0.0343,0.0847,0.2079,0.253,0.268,0.2759,0.1714,0.0892,3.278831548
-84.46885566,31.19480672,72,0.0764,0.1056,0.0704,0.1496,0.3179,0.3658,0.3793,0.4084,0.2553,0.1211,4.537547797
-84.46885566,31.19480672,73,0.0284,0.0575,0.0358,0.095,0.2391,0.2763,0.2878,0.3072,0.1983,0.0996,4.285336563
-96.61300032,39.11040168,74,0.0708,0.0982,0.0902,0.1445,0.2635,0.321,0.32,0.3524,0.2709,0.1856,1.41
-96.61300032,39.11040168,75,0.0628,0.0834,0.0746,0.1165,0.2228,0.2724,0.2764,0.2928,0.2467,0.1707,1.54
-96.61300032,39.11040168,76,0.0568,0.0834,0.0761,0.1189,0.2036,0.2359,0.246,0.2579,0.255,0.1845,0.46
-96.61300032,39.11040168,77,0.1382,0.15,0.1322,0.1708,0.3502,0.4317,0.4364,0.4516,0.3157,0.1995,1.98
-96.61300032,39.11040168,78,0.0545,0.0763,0.0658,0.1111,0.3082,0.3694,0.3924,0.4038,0.2697,0.1756,1.68
-96.61300032,39.11040168,79,0.0565,0.0882,0.0739,0.1361,0.273,0.3092,0.3104,0.3291,0.256,0.1743,1.57
-96.61300032,39.11040168,80,0.0472,0.0676,0.0736,0.12,0.1625,0.1818,0.198,0.2134,0.2464,0.1719,0.097
-96.61300032,39.11040168,81,0.0513,0.0666,0.0521,0.0854,0.2062,0.271,0.2554,0.2875,0.1891,0.1219,1.25
-96.61300032,39.11040168,82,0.0584,0.0876,0.0978,0.1511,0.2091,0.2396,0.2426,0.2721,0.2694,0.2058,0.045
-96.61300032,39.11040168,83,0.0534,0.0665,0.0526,0.0886,0.2101,0.2574,0.2612,0.2731,0.1783,0.1126,1.87
-96.61300032,39.11040168,84,0.0908,0.1172,0.1128,0.1806,0.2862,0.3094,0.3084,0.3393,0.369,0.2528,0.196
-96.61300032,39.11040168,85,0.0557,0.0782,0.0702,0.099,0.2558,0.3153,0.3088,0.334,0.2691,0.1817,1.286776768
-96.61300032,39.11040168,86,0.0748,0.0799,0.065,0.1023,0.3365,0.4756,0.3788,0.5063,0.2676,0.1585,2.425554452
-96.61300032,39.11040168,87,0.0512,0.0734,0.0554,0.0967,0.2698,0.3606,0.3364,0.379,0.2168,0.1175,1.68923261
-67.07693277,18.02119275,88,0.0436,0.0721,0.0878,0.1277,0.1966,0.225,0.24,0.2611,0.2794,0.1772,0.332
-67.07693277,18.02119275,89,0.0553,0.0817,0.0593,0.1096,0.2839,0.344,0.3311,0.3643,0.2472,0.1239,1.17
-67.07693277,18.02119275,90,0.0355,0.0666,0.0424,0.1004,0.3057,0.3805,0.3844,0.4116,0.255,0.128,1.24
-67.07693277,18.02119275,91,0.0574,0.0829,0.0535,0.1093,0.3237,0.4094,0.4096,0.4359,0.2597,0.1286,1.28
-67.07693277,18.02119275,92,0.0449,0.0796,0.0709,0.1339,0.2746,0.3279,0.3492,0.3637,0.3087,0.1711,1.15
-67.07693277,18.02119275,93,0.0628,0.093,0.0998,0.1531,0.2485,0.2886,0.2993,0.3263,0.3454,0.2129,0.52
-67.07693277,18.02119275,94,0.0754,0.1063,0.1128,0.1752,0.2838,0.3292,0.3367,0.3701,0.3702,0.2207,0.046
-67.07693277,18.02119275,95,0.0748,0.0969,0.0952,0.1417,0.2555,0.2941,0.3003,0.3372,0.3291,0.1987,1.12
-67.07693277,18.02119275,96,0.0748,0.1029,0.1061,0.1573,0.2871,0.3449,0.3266,0.3688,0.3481,0.2184,0.34
-67.07693277,18.02119275,97,0.0812,0.1118,0.1123,0.1676,0.3318,0.385,0.3659,0.4123,0.3409,0.1994,0.3
-67.07693277,18.02119275,98,0.0824,0.1025,0.104,0.151,0.2549,0.3187,0.2979,0.3491,0.327,0.2063,0.122
-67.07693277,18.02119275,99,0.0682,0.1023,0.1057,0.1582,0.2864,0.3415,0.3319,0.3682,0.34,0.2081,0.416
-67.07693277,18.02119275,100,0.071,0.1057,0.1016,0.1669,0.3132,0.3684,0.35,0.3966,0.3568,0.2075,0.99
-67.07693277,18.02119275,101,0.0759,0.097,0.0936,0.1365,0.2405,0.2689,0.271,0.302,0.2574,0.1467,0.73
-67.07693277,18.02119275,102,0.06,0.0887,0.0785,0.1278,0.2732,0.3554,0.3338,0.3734,0.2882,0.1607,0.365
-67.07693277,18.02119275,103,0.0364,0.0622,0.0715,0.1172,0.2103,0.2466,0.1801,0.2911,0.2346,0.162,1.13
-67.07693277,18.02119275,104,0.0497,0.0764,0.0515,0.1057,0.3011,0.3836,0.3619,0.4087,0.2531,0.1285,1.71
-67.07693277,18.02119275,105,0.0548,0.0839,0.0663,0.1303,0.2853,0.3384,0.3261,0.3692,0.2752,0.1514,1.36
-67.07693277,18.02119275,106,0.0408,0.0667,0.0606,0.1088,0.2452,0.2806,0.2858,0.3263,0.2356,0.127,0.88
-67.07693277,18.02119275,107,0.0327,0.0639,0.0478,0.1017,0.2735,0.3458,0.3443,0.3724,0.2306,0.1184,1.73
-67.07693277,18.02119275,108,0.1027,0.1298,0.1095,0.1644,0.2816,0.3196,0.3114,0.3507,0.2582,0.1668,0.671
-67.07693277,18.02119275,109,0.067,0.0954,0.0841,0.1385,0.2743,0.3368,0.3243,0.3547,0.3237,0.1946,1.62
-67.07693277,18.02119275,110,0.0445,0.083,0.0508,0.1268,0.3693,0.444,0.4598,0.4873,0.2529,0.126,1.98
-67.07693277,18.02119275,111,0.0633,0.0952,0.0734,0.1395,0.3347,0.3969,0.3873,0.4298,0.2533,0.1313,0.86
-67.07693277,18.02119275,112,0.0392,0.0805,0.0435,0.1174,0.3914,0.4835,0.4648,0.5179,0.2381,0.1096,0.771
-67.07693277,18.02119275,113,0.049,0.0837,0.0645,0.1269,0.2882,0.3397,0.3454,0.3791,0.2365,0.1231,1.85
-67.07693277,18.02119275,114,0.0429,0.0752,0.0511,0.1104,0.296,0.3548,0.3558,0.3816,0.2352,0.1182,1.71
-67.07693277,18.02119275,115,0.0608,0.0988,0.0647,0.1378,0.3901,0.4923,0.4737,0.5187,0.2868,0.1453,0.99
-67.07693277,18.02119275,116,0.0466,0.0703,0.0546,0.1106,0.2584,0.3109,0.3047,0.3324,0.2272,0.1215,1.97
-67.07693277,18.02119275,117,0.0432,0.0728,0.0534,0.1185,0.2703,0.3202,0.3144,0.3537,0.2536,0.1325,0.56
-67.07693277,18.02119275,118,0.0452,0.0716,0.047,0.1079,0.2855,0.3571,0.3433,0.3802,0.2555,0.1315,1.4
-67.07693277,18.02119275,119,0.0427,0.0714,0.0448,0.1054,0.2917,0.3545,0.3554,0.3774,0.2413,0.122,1.81
-67.07693277,18.02119275,120,0.0432,0.0737,0.0622,0.1196,0.2665,0.3054,0.3067,0.3378,0.2666,0.1414,0.344
-67.07693277,18.02119275,121,0.045,0.0706,0.0602,0.1184,0.2481,0.2936,0.2915,0.3224,0.2491,0.1351,0.88
-67.07693277,18.02119275,122,0.0539,0.0798,0.0783,0.1353,0.249,0.2799,0.2905,0.313,0.2938,0.1647,0.99
-67.07693277,18.02119275,123,0.058,0.0917,0.1083,0.159,0.2389,0.2677,0.2853,0.3086,0.3416,0.2052,0.45
-67.07693277,18.02119275,124,0.074,0.1009,0.1156,0.1691,0.237,0.2752,0.2815,0.3069,0.3477,0.2209,0.5
-67.07693277,18.02119275,125,0.0682,0.0935,0.1001,0.1509,0.2409,0.2833,0.282,0.3105,0.3229,0.1989,0.366
-67.07693277,18.02119275,126,0.0759,0.1045,0.1059,0.1605,0.2608,0.302,0.3076,0.3375,0.3432,0.2047,0.511
-67.07693277,18.02119275,127,0.0808,0.1158,0.1056,0.1808,0.3217,0.35,0.3702,0.3959,0.3448,0.1895,0.876
-67.07693277,18.02119275,128,0.0675,0.1017,0.0781,0.1445,0.3299,0.3829,0.3911,0.4183,0.2945,0.1557,1.16
-67.07693277,18.02119275,129,0.0615,0.0834,0.0817,0.1326,0.2176,0.2483,0.2624,0.281,0.2671,0.1451,0.94
-67.07693277,18.02119275,130,0.0562,0.0967,0.0662,0.1454,0.3641,0.4272,0.4289,0.4641,0.2923,0.1463,1.67
-67.07693277,18.02119275,131,0.0461,0.0878,0.0708,0.1461,0.3276,0.3845,0.3838,0.415,0.2842,0.1508,0.91
-67.07693277,18.02119275,132,0.0408,0.0668,0.0601,0.11,0.2135,0.2565,0.2564,0.2886,0.2013,0.1123,1.55
-67.07693277,18.02119275,133,0.0561,0.0945,0.0845,0.1549,0.2963,0.3438,0.3472,0.3813,0.2881,0.1602,1.47
-67.07693277,18.02119275,134,0.073,0.1096,0.0838,0.1565,0.3534,0.4364,0.4384,0.4729,0.2982,0.1536,2.04
-67.07693277,18.02119275,135,0.0557,0.0881,0.0568,0.1301,0.3565,0.4405,0.4304,0.471,0.2564,0.1237,0.51
-67.07693277,18.02119275,136,0.0927,0.1094,0.1003,0.1352,0.2187,0.251,0.2318,0.272,0.1862,0.1342,1.06
-67.07693277,18.02119275,137,0.0405,0.0731,0.0678,0.1306,0.2569,0.2949,0.2979,0.3436,0.259,0.1405,0.49
-67.07693277,18.02119275,138,0.0436,0.0719,0.0579,0.1192,0.2685,0.3113,0.3209,0.3469,0.2373,0.1272,1.15
-67.07693277,18.02119275,139,0.0869,0.1104,0.1208,0.1849,0.2797,0.3297,0.3311,0.3679,0.3764,0.2309,0.336353568
-67.07693277,18.02119275,140,0.0792,0.0883,0.078,0.1201,0.1962,0.2239,0.2008,0.2456,0.1618,0.096,0.695366968
-67.07693277,18.02119275,141,0.0553,0.0834,0.0651,0.1296,0.2852,0.3393,0.335,0.3623,0.2818,0.1539,1.18738943
-67.07693277,18.02119275,142,0.0852,0.1205,0.1007,0.1731,0.3277,0.3762,0.3738,0.4037,0.2947,0.1691,1.357874367
-67.07693277,18.02119275,143,0.049,0.0858,0.06,0.1317,0.3321,0.3879,0.3952,0.4233,0.281,0.1417,0.427854309
-67.07693277,18.02119275,144,0.0695,0.102,0.0792,0.1544,0.334,0.4077,0.404,0.4334,0.3124,0.1679,1.151989441
-67.07693277,18.02119275,145,0.0706,0.1127,0.1123,0.1926,0.3278,0.3902,0.39,0.4266,0.3592,0.2102,0.67709662
-67.07693277,18.02119275,146,0.0728,0.1071,0.088,0.1604,0.3443,0.4118,0.4135,0.4435,0.3424,0.1887,0.7673899
-67.07693277,18.02119275,147,0.0609,0.0934,0.0936,0.1615,0.2894,0.335,0.3387,0.3735,0.3264,0.1827,0.568049261
-67.07693277,18.02119275,148,0.0846,0.1137,0.1192,0.1867,0.2881,0.3299,0.3409,0.3673,0.3327,0.2008,0.176948774
-67.07693277,18.02119275,149,0.067,0.1049,0.0983,0.1803,0.3033,0.3354,0.3367,0.375,0.3395,0.1969,0.203552411
-67.07693277,18.02119275,150,0.0811,0.1087,0.1096,0.1727,0.2708,0.3096,0.3238,0.3459,0.3321,0.205,0.237626124
-67.07693277,18.02119275,151,0.0667,0.1067,0.1144,0.1754,0.2749,0.3128,0.3166,0.3466,0.3363,0.1952,0.371361425
-67.07693277,18.02119275,152,0.0743,0.1066,0.0969,0.1641,0.3191,0.3765,0.3741,0.412,0.3211,0.1814,0.932836087
-67.07693277,18.02119275,153,0.0879,0.0961,0.0921,0.1327,0.2051,0.2358,0.2365,0.2537,0.1934,0.1108,0.063371979
-67.07693277,18.02119275,154,0.0905,0.1162,0.1242,0.1853,0.2693,0.3035,0.3103,0.3451,0.3792,0.238,0.175044872
-67.07693277,18.02119275,155,0.0562,0.0868,0.0602,0.1316,0.3188,0.3819,0.3726,0.4121,0.2659,0.1415,1.052555994
-67.07693277,18.02119275,156,0.051,0.0771,0.0777,0.1289,0.2062,0.2368,0.2412,0.2668,0.2471,0.1477,0.837952201
-67.07693277,18.02119275,157,0.0444,0.071,0.0618,0.117,0.2381,0.2786,0.2828,0.3029,0.2513,0.137,1.205436391
-67.07693277,18.02119275,158,0.0626,0.0927,0.0819,0.1473,0.2968,0.3441,0.3349,0.385,0.3096,0.1679,0.487322387
-88.16111114,31.85381082,159,0.0215,0.0479,0.0235,0.0759,0.2548,0.3185,0.3168,0.336,0.1296,0.0567,5.654902085
-88.16111114,31.85381082,160,0.0164,0.0389,0.0198,0.0685,0.2631,0.3294,0.3328,0.345,0.1308,0.0524,6.280874921
-88.16111114,31.85381082,161,0.0428,0.0491,0.0375,0.0728,0.2652,0.3366,0.3422,0.3654,0.1445,0.0617,6.274466506
-88.16111114,31.85381082,162,0.0277,0.0528,0.0241,0.0774,0.2865,0.364,0.358,0.3879,0.1224,0.0503,6.752210508
-88.16111114,31.85381082,163,0.0445,0.0623,0.0431,0.0818,0.2689,0.3503,0.3432,0.377,0.1513,0.0657,6.31313455
-88.16111114,31.85381082,164,0.0588,0.0702,0.0456,0.0827,0.2545,0.3326,0.3274,0.3712,0.154,0.069,6.541786318
-88.16111114,31.85381082,165,0.0291,0.0523,0.0268,0.0704,0.2284,0.2841,0.2843,0.3147,0.1317,0.0556,6.123524152
-88.16111114,31.85381082,166,0.053,0.0548,0.0385,0.076,0.2177,0.287,0.2776,0.3125,0.1366,0.0592,5.443579872
-88.16111114,31.85381082,167,0.0219,0.0383,0.0255,0.0603,0.1995,0.2384,0.245,0.2701,0.1214,0.0489,6.576671986
-88.16111114,31.85381082,168,0.0553,0.0697,0.0609,0.1595,0.2528,0.3013,0.2396,0.3221,0.2295,0.1529,4.846995092
-88.16111114,31.85381082,169,0.0194,0.0342,0.0182,0.0496,0.1544,0.1939,0.2083,0.2108,0.1072,0.0444,4.015704807
-88.16111114,31.85381082,170,0.0328,0.0529,0.0299,0.0714,0.2228,0.2629,0.2821,0.2843,0.1256,0.0583,4.061946438
-88.16111114,31.85381082,171,0.0152,0.0412,0.0214,0.0727,0.2444,0.2987,0.3061,0.3193,0.1161,0.0509,5.965200937
-88.16111114,31.85381082,172,0.0098,0.0365,0.0178,0.0676,0.2444,0.3039,0.3244,0.3352,0.1289,0.0543,5.221089124
-88.16111114,31.85381082,173,0.0335,0.0502,0.0285,0.0743,0.2323,0.2933,0.2868,0.3152,0.1327,0.0537,4.786990341
-88.16111114,31.85381082,174,0.0601,0.0695,0.0468,0.0767,0.2298,0.2959,0.2809,0.3264,0.1429,0.0606,6.009143584
-88.16111114,31.85381082,175,0.0599,0.0626,0.038,0.0731,0.2246,0.286,0.2758,0.3152,0.1381,0.0583,5.932565823
-88.16111114,31.85381082,176,0.0165,0.0226,0.0171,0.0407,0.1539,0.2013,0.2018,0.2206,0.0976,0.0388,5.587506326
-88.16111114,31.85381082,177,0.0111,0.0202,0.0137,0.039,0.1389,0.1822,0.1973,0.2128,0.0906,0.0372,4.889805708
-88.16111114,31.85381082,178,0.0411,0.0559,0.0424,0.0942,0.1944,0.2351,0.234,0.2668,0.1322,0.0733,4.986017988
-88.16111114,31.85381082,179,0.0267,0.0459,0.0324,0.0726,0.171,0.1964,0.2152,0.219,0.141,0.0746,2.272115805
-88.16111114,31.85381082,180,0.0245,0.0399,0.0201,0.0628,0.2444,0.3128,0.3173,0.3386,0.1246,0.0538,5.395835742
-88.16111114,31.85381082,181,0.0321,0.0469,0.025,0.0698,0.2475,0.3224,0.3236,0.346,0.1272,0.0536,5.787569074
-88.16111114,31.85381082,182,0.0318,0.0498,0.0271,0.0739,0.2747,0.3648,0.3528,0.3887,0.1419,0.0596,5.261419482
-88.16111114,31.85381082,183,0.0286,0.0427,0.0236,0.0727,0.2453,0.3226,0.3068,0.3463,0.137,0.0565,5.923186746
-88.16111114,31.85381082,184,0.0267,0.0456,0.0241,0.0711,0.2393,0.3039,0.2967,0.3346,0.1332,0.0531,5.711338177
-88.16111114,31.85381082,185,0.0181,0.0389,0.0208,0.0644,0.2125,0.2673,0.2632,0.2927,0.1221,0.0524,5.072601894
-88.16111114,31.85381082,186,0.0179,0.0325,0.0189,0.0542,0.1855,0.2358,0.2264,0.2633,0.1112,0.045,5.399850327
-88.16111114,31.85381082,187,0.0113,0.0288,0.0217,0.0536,0.1177,0.1387,0.1595,0.1587,0.1057,0.0511,3.841111998
-88.16111114,31.85381082,188,0.0137,0.0279,0.038,0.0629,0.1054,0.1252,0.1373,0.1421,0.1136,0.0581,3.227506007
-105.5824988,40.05435138,189,0.0415,0.0605,0.0626,0.1007,0.178,0.201,0.2093,0.2226,0.2263,0.158,3.61
-105.5824988,40.05435138,190,0.0465,0.0677,0.0721,0.1103,0.1801,0.1964,0.2024,0.2222,0.2347,0.1617,3.644
-105.5824988,40.05435138,191,0.0444,0.0612,0.0684,0.1051,0.1774,0.2038,0.205,0.2219,0.2332,0.1607,3.644
-84.28254507,35.96414223,192,0.0377,0.0696,0.037,0.109,0.2889,0.3108,0.3298,0.342,0.1735,0.0793,3.13
-84.28254507,35.96414223,193,0.06,0.0896,0.052,0.1204,0.388,0.476,0.462,0.5214,0.2218,0.0902,5.22
-84.28254507,35.96414223,194,0.0364,0.0556,0.0262,0.0854,0.2701,0.3402,0.2994,0.3599,0.1665,0.0676,4.95
-84.28254507,35.96414223,195,0.0308,0.0503,0.0248,0.0863,0.2509,0.3188,0.2733,0.3315,0.1638,0.0674,4.97
-84.28254507,35.96414223,196,0.0498,0.0716,0.0417,0.1024,0.3663,0.4596,0.4551,0.4795,0.2016,0.0829,4.79
-84.28254507,35.96414223,197,0.0396,0.0598,0.0318,0.0969,0.3529,0.4469,0.4146,0.4634,0.1853,0.0767,5.173
-84.28254507,35.96414223,198,0.0365,0.0604,0.0314,0.0915,0.32,0.4115,0.3527,0.4292,0.1888,0.0763,4.6
-84.28254507,35.96414223,199,0.0421,0.0629,0.0296,0.0919,0.3117,0.3859,0.3718,0.4165,0.1856,0.0752,4.666
-84.28254507,35.96414223,200,0.0475,0.0716,0.0403,0.1046,0.3332,0.3971,0.3852,0.4383,0.1953,0.0785,4.38
-84.28254507,35.96414223,201,0.094,0.1202,0.1026,0.1783,0.3321,0.3836,0.3696,0.4156,0.2593,0.1424,5.52
-84.28254507,35.96414223,202,0.0381,0.0563,0.0294,0.0864,0.2721,0.3277,0.314,0.3594,0.17,0.0678,5.13
-84.28254507,35.96414223,203,0.0327,0.0535,0.0258,0.0955,0.2751,0.322,0.2878,0.3566,0.1709,0.0696,4.262
-84.28254507,35.96414223,204,0.0242,0.049,0.0253,0.0898,0.2429,0.2879,0.2586,0.3153,0.1591,0.0621,4.78
-84.28254507,35.96414223,205,0.0289,0.0491,0.0302,0.0883,0.2353,0.2829,0.263,0.3163,0.159,0.0638,4.201
-84.28254507,35.96414223,206,0.0225,0.0379,0.0278,0.1034,0.2382,0.2828,0.253,0.3049,0.1647,0.0729,3.773
-84.28254507,35.96414223,207,0.0325,0.055,0.061,0.1404,0.211,0.2396,0.2484,0.2739,0.2015,0.1077,3.273
-84.28254507,35.96414223,208,0.0514,0.0714,0.0347,0.0991,0.3812,0.4759,0.4688,0.5019,0.1931,0.078,4.91
-84.28254507,35.96414223,209,0.0683,0.1009,0.0638,0.1416,0.4199,0.5138,0.4707,0.5518,0.2428,0.1221,5.82
-84.28254507,35.96414223,210,0.0248,0.0421,0.0392,0.0962,0.1643,0.19,0.1905,0.2203,0.1853,0.1026,3.079
-84.28254507,35.96414223,211,0.0402,0.0629,0.0359,0.1003,0.3697,0.4558,0.4219,0.4653,0.1843,0.0743,4.832
-84.28254507,35.96414223,212,0.0473,0.0634,0.035,0.0928,0.3162,0.39,0.3994,0.4308,0.1774,0.0696,5.45
-84.28254507,35.96414223,213,0.0486,0.0662,0.0443,0.1105,0.2952,0.3627,0.3356,0.3814,0.1769,0.0784,4.91
-84.28254507,35.96414223,214,0.0251,0.037,0.0193,0.0791,0.2303,0.2747,0.2697,0.3042,0.1439,0.0576,4.627
-84.28254507,35.96414223,215,0.0292,0.0465,0.0276,0.0977,0.2484,0.2965,0.2736,0.3121,0.1573,0.065,5.713
-84.28254507,35.96414223,216,0.0415,0.0778,0.0372,0.1286,0.3866,0.4637,0.4428,0.47,0.1966,0.0833,3.905884178
-84.28254507,35.96414223,217,0.0344,0.0679,0.0356,0.1037,0.3773,0.4648,0.4639,0.4802,0.1785,0.0732,5.666101673
-84.28254507,35.96414223,218,0.0304,0.0596,0.0266,0.084,0.3319,0.4145,0.4398,0.4311,0.156,0.0615,5.837024723
-84.28254507,35.96414223,219,0.0309,0.0606,0.0338,0.0913,0.3447,0.4592,0.4678,0.4895,0.1849,0.074,5.2816696
-84.28254507,35.96414223,220,0.0388,0.065,0.0333,0.0951,0.3688,0.4765,0.4227,0.4957,0.1867,0.0746,5.678540717
-84.28254507,35.96414223,221,0.0751,0.0946,0.0551,0.119,0.4131,0.5332,0.518,0.5752,0.2187,0.089,5.041642312
-84.28254507,35.96414223,222,0.0558,0.0727,0.0404,0.1062,0.3649,0.4705,0.4213,0.4972,0.1948,0.081,6.101142281
-84.28254507,35.96414223,223,0.0298,0.051,0.0254,0.0837,0.2882,0.3599,0.3166,0.3755,0.1595,0.0623,5.549275745
-84.28254507,35.96414223,224,0.0277,0.0528,0.0258,0.0863,0.2689,0.3108,0.3307,0.3569,0.1555,0.0601,4.720159435
-84.28254507,35.96414223,225,0.0185,0.036,0.0251,0.1,0.25,0.2842,0.2812,0.3223,0.1442,0.0576,4.555630049
-84.28254507,35.96414223,226,0.0331,0.0476,0.0588,0.1242,0.2135,0.2515,0.2664,0.2921,0.1502,0.0692,3.52167924
-81.99345806,29.68384042,227,0.0179,0.0324,0.032,0.0593,0.1036,0.1262,0.1377,0.1504,0.1482,0.1161,0.953
-81.99345806,29.68384042,228,0.0302,0.0481,0.0552,0.0889,0.145,0.1657,0.1773,0.1832,0.2028,0.1417,0.934
-81.99345806,29.68384042,229,0.0395,0.056,0.0609,0.0979,0.1582,0.1849,0.1932,0.1996,0.2311,0.1632,0.849
-81.99345806,29.68384042,230,0.0316,0.0621,0.0672,0.1187,0.204,0.2264,0.2485,0.2574,0.2555,0.1719,0.863
-81.99345806,29.68384042,231,0.0501,0.0705,0.0737,0.117,0.1892,0.2174,0.2274,0.2422,0.2663,0.1858,0.958
-81.99345806,29.68384042,232,0.0612,0.088,0.077,0.1351,0.2472,0.2721,0.2831,0.3098,0.2702,0.1703,0.807
-81.99345806,29.68384042,233,0.0366,0.0658,0.0589,0.1129,0.21,0.2329,0.2502,0.2508,0.2415,0.1539,1.37
-81.99345806,29.68384042,234,0.0477,0.071,0.0627,0.1105,0.1977,0.2345,0.2358,0.253,0.2409,0.1571,1.079
-81.99345806,29.68384042,235,0.0553,0.077,0.0652,0.1235,0.234,0.2733,0.2694,0.2953,0.2596,0.166,1.32
-81.99345806,29.68384042,236,0.0414,0.0654,0.0545,0.1144,0.2188,0.2604,0.2539,0.2751,0.2534,0.1611,0.75
-81.99345806,29.68384042,237,0.0379,0.0679,0.0562,0.1116,0.2238,0.2652,0.2681,0.2839,0.2278,0.1369,1.037
-81.99345806,29.68384042,238,0.0523,0.0775,0.058,0.1202,0.2307,0.2813,0.2775,0.3062,0.2283,0.1315,1.094
-81.99345806,29.68384042,239,0.0674,0.0811,0.0635,0.1225,0.2253,0.2729,0.2674,0.2957,0.2283,0.1266,1.382
-81.99345806,29.68384042,240,0.0524,0.0722,0.0556,0.1094,0.2178,0.2531,0.2789,0.2767,0.1995,0.1095,0.942
-81.99345806,29.68384042,241,0.0292,0.053,0.0434,0.0886,0.186,0.2084,0.2362,0.2354,0.1714,0.095,0.907
-81.99345806,29.68384042,242,0.0413,0.0647,0.0524,0.1095,0.215,0.2477,0.2441,0.2704,0.2046,0.1082,0.88
-81.99345806,29.68384042,243,0.0261,0.0431,0.0382,0.0775,0.1622,0.1967,0.2202,0.2171,0.1555,0.0859,0.859
-81.99345806,29.68384042,244,0.0351,0.0546,0.0511,0.0875,0.1586,0.1674,0.1813,0.1855,0.1893,0.142,0.7192
-81.99345806,29.68384042,245,0.025,0.0405,0.0361,0.0817,0.1619,0.1895,0.1947,0.2209,0.1644,0.093,1.271
-81.99345806,29.68384042,246,0.0407,0.0613,0.0508,0.0999,0.2065,0.2468,0.2647,0.2695,0.1805,0.0944,1.293
-81.99345806,29.68384042,247,0.0403,0.0639,0.0558,0.108,0.1909,0.2156,0.2386,0.2493,0.2003,0.1147,0.669
-81.99345806,29.68384042,248,0.0356,0.0679,0.0528,0.1167,0.2253,0.2499,0.2816,0.2869,0.2045,0.1087,0.955
-81.99345806,29.68384042,249,0.0464,0.0772,0.0632,0.1263,0.2377,0.2802,0.2956,0.3039,0.2356,0.1243,1.004
-81.99345806,29.68384042,250,0.029,0.0365,0.0248,0.0466,0.0922,0.1115,0.1116,0.1161,0.0833,0.0404,1.092
-81.99345806,29.68384042,251,0.0224,0.0537,0.04,0.0944,0.2039,0.2332,0.2493,0.2629,0.1742,0.0881,1.49
-81.99345806,29.68384042,252,0.0242,0.0437,0.041,0.0835,0.16,0.1948,0.2197,0.2221,0.1553,0.0792,1.311
-81.99345806,29.68384042,253,0.0142,0.0412,0.0395,0.0867,0.1756,0.207,0.2351,0.2308,0.1455,0.0684,0.94
-81.99345806,29.68384042,254,0.0231,0.0399,0.0396,0.0801,0.1637,0.1868,0.2128,0.2164,0.1602,0.0835,0.587819326
-81.99345806,29.68384042,255,0.0417,0.0583,0.0604,0.0985,0.1496,0.1754,0.1796,0.1877,0.1981,0.1688,0.668478167
-81.99345806,29.68384042,256,0.0506,0.0683,0.063,0.1041,0.1774,0.2024,0.2081,0.2195,0.2175,0.1724,0.920228291
-81.99345806,29.68384042,257,0.0414,0.0654,0.0584,0.1118,0.1938,0.2227,0.2232,0.2417,0.2274,0.1582,0.99317531
-81.99345806,29.68384042,258,0.0507,0.0708,0.0615,0.1131,0.2052,0.236,0.2336,0.253,0.2196,0.1578,0.772917889
-155.3173652,19.55317963,259,0.0113,0.0244,0.0175,0.0414,0.1119,0.1376,0.1502,0.1529,0.0693,0.0327,4.938190251
-155.3173652,19.55317963,260,0.0087,0.0203,0.0132,0.0344,0.0929,0.1076,0.1183,0.1302,0.0653,0.031,4.171758215
-155.3173652,19.55317963,261,0.0149,0.0256,0.0185,0.0425,0.1052,0.1279,0.1323,0.1506,0.0695,0.0332,4.104318945
-155.3173652,19.55317963,262,0.0149,0.0244,0.017,0.039,0.1063,0.1269,0.1407,0.152,0.0731,0.0357,3.846480957
-155.3173652,19.55317963,263,0.0574,0.076,0.0653,0.1009,0.1834,0.2054,0.2125,0.2248,0.1273,0.0753,4.40843962
-155.3173652,19.55317963,264,0.0255,0.041,0.0343,0.0652,0.1343,0.1524,0.1516,0.1701,0.0995,0.0511,4.850868832
-155.3173652,19.55317963,265,0.0363,0.0485,0.0378,0.0701,0.1543,0.1747,0.1846,0.1959,0.1194,0.062,5.290437373
-155.3173652,19.55317963,266,0.0343,0.0481,0.0405,0.0753,0.151,0.1768,0.1847,0.1994,0.1271,0.067,4.540452039
-155.3173652,19.55317963,267,0.034,0.0549,0.0484,0.0855,0.1736,0.1935,0.198,0.2099,0.1446,0.0779,4.970804736
-155.3173652,19.55317963,268,0.0312,0.0458,0.0402,0.0681,0.1411,0.1603,0.1718,0.1846,0.132,0.0712,5.438896271
-155.3173652,19.55317963,269,0.0303,0.0432,0.0367,0.0655,0.1391,0.1599,0.1699,0.1787,0.1232,0.0643,4.996202944
-155.3173652,19.55317963,270,0.0271,0.0403,0.0341,0.0645,0.1373,0.1617,0.1604,0.1819,0.1139,0.0582,5.304328196
-155.3173652,19.55317963,271,0.0287,0.0481,0.04,0.0723,0.1528,0.1701,0.1768,0.1977,0.1282,0.0695,5.284217751
-155.3173652,19.55317963,272,0.0272,0.0446,0.0376,0.0727,0.1506,0.1716,0.1828,0.1924,0.1212,0.0609,4.708877634
-155.3173652,19.55317963,273,0.0813,0.0921,0.0814,0.1135,0.1811,0.1996,0.2139,0.2201,0.1665,0.1113,5.490335993
-155.3173652,19.55317963,274,0.0259,0.0315,0.0251,0.0509,0.1024,0.1279,0.1179,0.1396,0.0865,0.0418,5.013395592
-155.3173652,19.55317963,275,0.0203,0.032,0.0225,0.0509,0.1298,0.1541,0.1514,0.1769,0.0908,0.0426,5.833870351
-155.3173652,19.55317963,276,0.0139,0.0184,0.0131,0.0357,0.0919,0.119,0.106,0.1187,0.0687,0.0321,4.956127056
-155.3173652,19.55317963,277,0.0486,0.0605,0.055,0.081,0.1459,0.1606,0.1539,0.1754,0.1039,0.0675,5.362604376
-155.3173652,19.55317963,278,0.0258,0.0393,0.0281,0.0566,0.1355,0.1645,0.1686,0.1857,0.0877,0.045,5.57429416
-155.3173652,19.55317963,279,0.0509,0.0699,0.0559,0.0894,0.1643,0.1927,0.1987,0.2142,0.1366,0.0833,5.034233944
-155.3173652,19.55317963,280,0.0357,0.0519,0.0446,0.0713,0.154,0.1763,0.191,0.194,0.1323,0.0679,5.58938229
-155.3173652,19.55317963,281,0.0282,0.0414,0.033,0.0623,0.1366,0.1566,0.1711,0.1768,0.1202,0.0634,5.343171526
-155.3173652,19.55317963,282,0.0347,0.0457,0.0401,0.0722,0.151,0.1699,0.1831,0.1951,0.1287,0.0652,4.824703439
-155.3173652,19.55317963,283,0.0319,0.0427,0.034,0.0637,0.1364,0.1595,0.1669,0.1744,0.1185,0.063,2.254801215
-155.3173652,19.55317963,284,0.0197,0.0365,0.0274,0.0595,0.1301,0.1515,0.1595,0.1698,0.1128,0.0591,5.538521473
-155.3173652,19.55317963,285,0.0216,0.0351,0.0332,0.0575,0.123,0.1468,0.1495,0.1642,0.1112,0.0663,5.027825822
-155.3173652,19.55317963,286,0.0188,0.027,0.0224,0.0465,0.1076,0.1236,0.1392,0.1535,0.0978,0.0475,4.696680833
-155.3173652,19.55317963,287,0.0583,0.0646,0.0547,0.0748,0.138,0.1576,0.1699,0.1785,0.1128,0.0681,4.467034721
-155.3173652,19.55317963,288,0.0126,0.0199,0.0143,0.0318,0.0822,0.1044,0.1077,0.116,0.0614,0.0297,5.541532308
-155.3173652,19.55317963,289,0.0134,0.0196,0.0148,0.0332,0.0871,0.1077,0.1063,0.1184,0.0649,0.0294,4.97635895
-155.3173652,19.55317963,290,0.0153,0.0223,0.0177,0.0378,0.0974,0.12,0.1249,0.131,0.0683,0.0336,5.21219136
-155.3173652,19.55317963,291,0.0191,0.025,0.0186,0.0341,0.0725,0.0864,0.0926,0.1014,0.0636,0.04,5.747273933
-155.3173652,19.55317963,292,0.0451,0.0557,0.0409,0.0778,0.1754,0.2053,0.2146,0.2314,0.1263,0.0642,6.052325693
-155.3173652,19.55317963,293,0.0348,0.0523,0.0377,0.0799,0.1851,0.2083,0.229,0.2274,0.1212,0.0584,5.989436123
-155.3173652,19.55317963,294,0.0396,0.0515,0.0384,0.0753,0.1635,0.1835,0.2,0.2015,0.1037,0.0497,5.84171829
-155.3173652,19.55317963,295,0.0948,0.1104,0.0972,0.1482,0.2514,0.2822,0.2965,0.3101,0.2057,0.1533,4.96889978
-155.3173652,19.55317963,296,0.0289,0.047,0.0354,0.0722,0.1759,0.1988,0.2091,0.2141,0.1111,0.0559,6.178353575
-155.3173652,19.55317963,297,0.0309,0.0453,0.0328,0.0645,0.1574,0.1832,0.1961,0.2013,0.1075,0.0545,6.3941884
-155.3173652,19.55317963,298,0.0381,0.0497,0.0362,0.0725,0.172,0.1933,0.2107,0.2112,0.1203,0.0586,5.150637526
-155.3173652,19.55317963,299,0.028,0.0411,0.0316,0.0649,0.1448,0.1644,0.1747,0.1846,0.1047,0.051,5.062632029
-155.3173652,19.55317963,300,0.03,0.0437,0.0329,0.0632,0.145,0.1724,0.1769,0.1898,0.1037,0.0513,5.101835146
-155.3173652,19.55317963,301,0.0196,0.0261,0.0199,0.0406,0.114,0.1442,0.1467,0.158,0.0769,0.0363,5.947994054
-155.3173652,19.55317963,302,0.0315,0.0374,0.0268,0.0495,0.1134,0.1241,0.1266,0.1413,0.0707,0.0361,5.083920109
-155.3173652,19.55317963,303,0.0205,0.0307,0.0203,0.0456,0.1184,0.1414,0.1576,0.1659,0.073,0.0331,4.539377007
-155.3173652,19.55317963,304,0.0449,0.0576,0.051,0.0789,0.1478,0.17,0.165,0.1937,0.0914,0.0569,4.883008995
-155.3173652,19.55317963,305,0.0188,0.0237,0.0186,0.0397,0.1022,0.1198,0.1158,0.1439,0.0719,0.0345,4.996042705
-155.3173652,19.55317963,306,0.0324,0.0325,0.0237,0.0414,0.0973,0.1139,0.1162,0.1295,0.064,0.0337,4.657144433
-155.3173652,19.55317963,307,0.0245,0.0283,0.0217,0.0457,0.1096,0.1316,0.1298,0.1567,0.0805,0.0379,4.854579811
-155.3173652,19.55317963,308,0.0199,0.0284,0.0236,0.0491,0.1128,0.1403,0.1332,0.1526,0.0901,0.0443,4.499622302
-155.3173652,19.55317963,309,0.0873,0.0949,0.0848,0.1193,0.1923,0.2168,0.2347,0.2395,0.1743,0.1113,4.923381339
-155.3173652,19.55317963,310,0.0484,0.0554,0.0452,0.0749,0.142,0.1644,0.1689,0.1864,0.0961,0.0498,5.014288873
-155.3173652,19.55317963,311,0.0621,0.0773,0.0651,0.1056,0.1998,0.2322,0.2366,0.2589,0.1626,0.0908,5.30780153
-155.3173652,19.55317963,312,0.0414,0.0532,0.0399,0.0737,0.1537,0.1713,0.1961,0.1975,0.1225,0.0636,5.666278348
-155.3173652,19.55317963,313,0.039,0.0505,0.0391,0.0761,0.1622,0.1845,0.1901,0.2066,0.124,0.0643,5.170823516
-155.3173652,19.55317963,314,0.0271,0.041,0.0331,0.0686,0.1497,0.1778,0.1846,0.2038,0.1174,0.0621,4.946505034
-155.3173652,19.55317963,315,0.0224,0.0337,0.0273,0.0588,0.1263,0.1558,0.145,0.1759,0.1003,0.0485,5.133013826
-155.3173652,19.55317963,316,0.0238,0.0269,0.0202,0.0433,0.1024,0.127,0.1164,0.1415,0.0833,0.0384,4.457084609
-155.3173652,19.55317963,317,0.0244,0.0302,0.0247,0.0448,0.116,0.1414,0.1625,0.1628,0.0771,0.0386,4.941756266
-78.13950583,38.89300938,318,0.0404,0.0686,0.0777,0.1034,0.1873,0.2188,0.1904,0.2341,0.1603,0.1212,4.42
-78.13950583,38.89300938,319,0.0172,0.0391,0.0226,0.0653,0.2001,0.2376,0.258,0.2512,0.1462,0.0711,3.14
-78.13950583,38.89300938,320,0.0315,0.0424,0.0214,0.06,0.2534,0.3158,0.324,0.3443,0.1401,0.0582,7.12
-78.13950583,38.89300938,321,0.0144,0.0264,0.0133,0.0471,0.1882,0.2404,0.2239,0.2702,0.1175,0.0511,5.98
-78.13950583,38.89300938,322,0.0314,0.0338,0.0162,0.0374,0.1092,0.1351,0.17,0.1407,0.0583,0.0257,5.17
-78.13950583,38.89300938,323,0.0294,0.0596,0.0288,0.0891,0.265,0.3307,0.3276,0.357,0.1709,0.1181,3.77
-78.13950583,38.89300938,324,0.0236,0.0496,0.0205,0.0729,0.2618,0.2953,0.334,0.3217,0.1404,0.0633,5.52
-78.13950583,38.89300938,325,0.1294,0.1314,0.1274,0.164,0.2942,0.3455,0.3212,0.3698,0.2187,0.1494,7.14
-78.13950583,38.89300938,326,0.0321,0.0484,0.0243,0.0647,0.2482,0.333,0.3427,0.3552,0.1415,0.058,6.24
-78.13950583,38.89300938,327,0.0314,0.0428,0.0255,0.0597,0.2353,0.2814,0.3152,0.3095,0.1232,0.0508,6.57
-78.13950583,38.89300938,328,0.0142,0.0356,0.0177,0.0616,0.179,0.2154,0.2424,0.2454,0.1234,0.0544,3.38
-78.13950583,38.89300938,329,0.0314,0.0589,0.0499,0.1021,0.1836,0.1861,0.1946,0.2209,0.2078,0.1245,1.115323394
-78.13950583,38.89300938,330,0.0213,0.0341,0.0184,0.0546,0.2471,0.2995,0.2966,0.3455,0.1325,0.0537,6.775010221
-78.13950583,38.89300938,331,0.0344,0.0444,0.0215,0.0616,0.2469,0.3136,0.3078,0.3391,0.1348,0.0566,6.993050906
-78.13950583,38.89300938,332,0.0132,0.026,0.0133,0.044,0.2279,0.2895,0.2754,0.2976,0.1169,0.0499,5.456757218
-78.13950583,38.89300938,333,0.0219,0.0323,0.0175,0.0519,0.2338,0.2913,0.2896,0.3157,0.1264,0.0516,6.615866103
-78.13950583,38.89300938,334,0.0462,0.0506,0.0322,0.0667,0.1902,0.2306,0.202,0.2699,0.1226,0.0597,6.513701217
-78.13950583,38.89300938,335,0.0257,0.0348,0.0201,0.0584,0.2273,0.2639,0.2514,0.2813,0.1386,0.0613,4.641802474
-76.5600879,38.89013477,336,0.0244,0.0554,0.023,0.0788,0.3253,0.4189,0.4196,0.4445,0.1741,0.0736,5.32
-76.5600879,38.89013477,337,0.0408,0.0539,0.0359,0.0743,0.2682,0.3506,0.3476,0.3773,0.1565,0.0652,5.02
-76.5600879,38.89013477,338,0.0333,0.053,0.0274,0.073,0.2637,0.3393,0.3384,0.3685,0.1591,0.0635,4.418
-76.5600879,38.89013477,339,0.037,0.0483,0.0269,0.0687,0.234,0.3062,0.303,0.3355,0.1453,0.0588,4.908
-76.5600879,38.89013477,340,0.0223,0.0484,0.0255,0.0686,0.2357,0.2966,0.3024,0.33,0.1497,0.0591,4.665
-76.5600879,38.89013477,341,0.0313,0.0486,0.0273,0.072,0.2319,0.2917,0.2966,0.327,0.148,0.0631,0.147
-76.5600879,38.89013477,342,0.0252,0.0435,0.0265,0.082,0.2251,0.2651,0.2691,0.2976,0.1631,0.0759,3.517
-76.5600879,38.89013477,343,0.0168,0.0441,0.034,0.0965,0.1972,0.226,0.2476,0.2571,0.1542,0.0735,3.221
-76.5600879,38.89013477,344,0.0219,0.0441,0.0365,0.085,0.1613,0.1868,0.1858,0.2217,0.1521,0.0728,3.346
-76.5600879,38.89013477,345,0.0246,0.0471,0.0514,0.0964,0.1344,0.1419,0.1565,0.177,0.1616,0.0903,2.0453
-76.5600879,38.89013477,346,0.049,0.0755,0.0339,0.1067,0.3232,0.3831,0.395,0.4078,0.1704,0.0828,2.811
-76.5600879,38.89013477,347,0.0583,0.0864,0.0432,0.1244,0.3791,0.4714,0.4288,0.5004,0.1958,0.103,5.18
-76.5600879,38.89013477,348,0.0349,0.0593,0.0287,0.088,0.3135,0.4014,0.4005,0.4241,0.162,0.0685,4.435
-76.5600879,38.89013477,349,0.084,0.1222,0.0935,0.1662,0.3762,0.4472,0.4395,0.4758,0.2343,0.1184,5.1
-76.5600879,38.89013477,350,0.0234,0.0473,0.0223,0.0768,0.3152,0.3961,0.393,0.4184,0.164,0.067,5.27
-76.5600879,38.89013477,351,0.0446,0.0617,0.0369,0.0916,0.3239,0.4419,0.442,0.4817,0.1991,0.0959,4.846
-76.5600879,38.89013477,352,0.0503,0.0608,0.0381,0.0761,0.231,0.2905,0.2922,0.3088,0.1159,0.0478,4.863
-76.5600879,38.89013477,353,0.0249,0.0408,0.0257,0.0622,0.2346,0.3077,0.2974,0.3384,0.1442,0.0584,4.97
-76.5600879,38.89013477,354,0.0224,0.0402,0.0222,0.0556,0.2193,0.2869,0.3056,0.3171,0.1297,0.0546,4.81
-76.5600879,38.89013477,355,0.0534,0.0669,0.043,0.0819,0.2322,0.2985,0.2995,0.3279,0.1393,0.0581,4.732
-76.5600879,38.89013477,356,0.0197,0.0309,0.0159,0.0533,0.2027,0.2694,0.2687,0.2915,0.1184,0.0482,4.56
-76.5600879,38.89013477,357,0.0164,0.0343,0.0251,0.0669,0.1819,0.2202,0.239,0.2521,0.1296,0.0574,4.104
-76.5600879,38.89013477,358,0.0374,0.0674,0.0542,0.1167,0.1838,0.2085,0.2366,0.2358,0.2201,0.1337,1.159886399
-76.5600879,38.89013477,359,0.0452,0.0872,0.0481,0.1267,0.2779,0.2922,0.338,0.3207,0.177,0.0921,2.612574961
-76.5600879,38.89013477,360,0.0299,0.0545,0.031,0.0841,0.3086,0.3852,0.372,0.4011,0.1612,0.0689,5.257127188
-76.5600879,38.89013477,361,0.0398,0.0602,0.0299,0.0805,0.2844,0.3546,0.364,0.3729,0.1512,0.0666,5.682867951
-76.5600879,38.89013477,362,0.0269,0.0509,0.0262,0.0786,0.2943,0.3693,0.3686,0.3887,0.155,0.0665,5.295138851
-76.5600879,38.89013477,363,0.0292,0.0396,0.0208,0.0633,0.2618,0.3491,0.3364,0.3674,0.1482,0.0624,5.871533676
-76.5600879,38.89013477,364,0.0329,0.0486,0.0286,0.0697,0.2628,0.3607,0.3523,0.3799,0.1526,0.0657,5.307091173
-76.5600879,38.89013477,365,0.0268,0.0392,0.0187,0.0584,0.2342,0.3117,0.3139,0.3409,0.1375,0.0563,5.187686265
-76.5600879,38.89013477,366,0.0308,0.0464,0.0268,0.0683,0.2483,0.3221,0.3152,0.3514,0.1469,0.0621,5.167022269
-76.5600879,38.89013477,367,0.0243,0.0346,0.0186,0.0609,0.2241,0.2905,0.2884,0.3202,0.1342,0.0559,5.148330402
-76.5600879,38.89013477,368,0.0427,0.0532,0.0339,0.0709,0.2142,0.2586,0.2668,0.2951,0.1404,0.0567,4.495394285
-76.5600879,38.89013477,369,0.02,0.0392,0.0252,0.0718,0.1883,0.2345,0.238,0.2635,0.1399,0.06,4.646189256
-119.2622236,37.03331708,370,0.064,0.0846,0.0869,0.1203,0.208,0.2309,0.2508,0.2468,0.2486,0.1604,0.906880975
-119.2622236,37.03331708,371,0.0818,0.098,0.0941,0.127,0.2178,0.2414,0.2874,0.2641,0.236,0.1437,0.852974397
-119.2622236,37.03331708,372,0.0526,0.0791,0.0861,0.1344,0.2315,0.256,0.2778,0.2982,0.2629,0.1525,0.806045076
-89.58637817,45.50892179,373,0.0505,0.0614,0.059,0.0953,0.1509,0.1725,0.1808,0.196,0.183,0.1152,0.944
-89.58637817,45.50892179,374,0.0432,0.0628,0.0347,0.0925,0.295,0.3477,0.3513,0.3667,0.1895,0.0876,4.74
-89.58637817,45.50892179,375,0.0391,0.0564,0.0342,0.0848,0.356,0.4604,0.4651,0.4793,0.1889,0.0834,5.16
-89.58637817,45.50892179,376,0.029,0.0464,0.0307,0.0644,0.3094,0.3988,0.4108,0.4274,0.167,0.0664,5.18
-89.58637817,45.50892179,377,0.0678,0.0744,0.0483,0.0897,0.3295,0.4312,0.4124,0.4481,0.1932,0.0818,5.19
-89.58637817,45.50892179,378,0.037,0.0509,0.0293,0.0692,0.2864,0.3693,0.3356,0.3909,0.1643,0.065,5.01
-89.58637817,45.50892179,379,0.0317,0.0408,0.0249,0.0666,0.2713,0.3419,0.3403,0.3691,0.1712,0.0703,5.11
-89.58637817,45.50892179,380,0.0321,0.0419,0.0282,0.0665,0.2196,0.267,0.2518,0.2937,0.1508,0.0611,4.09
-89.58637817,45.50892179,381,0.0371,0.0606,0.0309,0.0909,0.2974,0.3634,0.3777,0.3674,0.1836,0.0868,5.17
-89.58637817,45.50892179,382,0.0399,0.0526,0.0366,0.0796,0.2837,0.3525,0.3524,0.3717,0.1418,0.0608,5.59
-89.58637817,45.50892179,383,0.0349,0.0462,0.0309,0.0692,0.2933,0.3745,0.3836,0.3918,0.1731,0.0706,5.43
-89.58637817,45.50892179,384,0.091,0.0982,0.0606,0.1164,0.4047,0.4849,0.4876,0.5336,0.2437,0.0979,5.95
-89.58637817,45.50892179,385,0.043,0.059,0.0325,0.0767,0.2899,0.3635,0.3428,0.3896,0.1864,0.0778,5.53
-89.58637817,45.50892179,386,0.1262,0.139,0.1166,0.1485,0.3361,0.4012,0.4123,0.4202,0.2384,0.1227,4.45
-89.58637817,45.50892179,387,0.0249,0.0448,0.0241,0.074,0.2484,0.2962,0.292,0.3284,0.159,0.0644,4.88
-89.58637817,45.50892179,388,0.0259,0.0437,0.0287,0.0804,0.2203,0.2638,0.2587,0.2899,0.1607,0.0685,4.2
-89.58637817,45.50892179,389,0.0273,0.0469,0.0324,0.0796,0.1755,0.2084,0.2137,0.2244,0.153,0.0764,3.36
-89.58637817,45.50892179,390,0.0308,0.0402,0.0434,0.073,0.1119,0.125,0.1412,0.1551,0.1395,0.0829,1.85
-89.58637817,45.50892179,391,0.0215,0.0432,0.0216,0.0693,0.2986,0.3736,0.3706,0.3894,0.164,0.0638,5.11
-89.58637817,45.50892179,392,0.0417,0.0507,0.0325,0.0756,0.2659,0.3304,0.269,0.3454,0.138,0.0588,4.51
-89.58637817,45.50892179,393,0.0215,0.0393,0.0202,0.0706,0.2533,0.3082,0.3034,0.332,0.164,0.0672,5.01
-89.58637817,45.50892179,394,0.0579,0.068,0.047,0.1006,0.252,0.292,0.2909,0.3228,0.1682,0.0682,4.63
-89.58637817,45.50892179,395,0.0228,0.05,0.0237,0.074,0.3203,0.3856,0.4053,0.4164,0.1745,0.0733,5.12
-89.58637817,45.50892179,396,0.0473,0.0647,0.0324,0.0891,0.359,0.4493,0.4416,0.4727,0.2036,0.0887,4.8
-89.58637817,45.50892179,397,0.0587,0.0713,0.0406,0.0954,0.3805,0.4734,0.4544,0.5108,0.2054,0.0773,5.74
-89.58637817,45.50892179,398,0.0498,0.0615,0.0375,0.0799,0.3028,0.3752,0.3841,0.3986,0.1839,0.0771,5.27
-89.58637817,45.50892179,399,0.056,0.0654,0.0426,0.0852,0.2707,0.3266,0.3094,0.3555,0.1615,0.0647,4.62
-89.58637817,45.50892179,400,0.0321,0.0442,0.025,0.0632,0.2479,0.312,0.2961,0.3339,0.1685,0.0691,4.25
-89.58637817,45.50892179,401,0.0284,0.0403,0.0304,0.07,0.1916,0.2254,0.215,0.245,0.134,0.0589,5
-89.58637817,45.50892179,402,0.0271,0.0452,0.0376,0.092,0.157,0.1739,0.1704,0.198,0.152,0.0748,3.38
-89.58637817,45.50892179,403,0.0406,0.066,0.0506,0.1104,0.197,0.2247,0.2424,0.2439,0.1905,0.1119,2.591412771
-89.58637817,45.50892179,404,0.0348,0.0618,0.0311,0.0941,0.3497,0.4118,0.4304,0.4365,0.1666,0.0689,5.491792781
-89.58637817,45.50892179,405,0.0905,0.1009,0.0518,0.1305,0.4562,0.5534,0.5508,0.5673,0.2249,0.114,4.047435972
-89.58637817,45.50892179,406,0.0251,0.0444,0.0253,0.073,0.3033,0.3805,0.3652,0.3989,0.1626,0.0639,6.79766409
-103.0293071,40.46200686,407,0.0569,0.0954,0.1,0.1632,0.2637,0.2946,0.3056,0.3146,0.3146,0.2434,0.156
-103.0293071,40.46200686,408,0.0834,0.1166,0.1164,0.1717,0.2835,0.3195,0.3208,0.3438,0.3226,0.2349,0.21
-103.0293071,40.46200686,409,0.0908,0.1324,0.1498,0.2076,0.3298,0.3704,0.3806,0.4016,0.3869,0.3208,0.187
-103.0293071,40.46200686,410,0.0716,0.1154,0.1166,0.1711,0.3124,0.3564,0.3592,0.3837,0.3256,0.2477,0.27
-103.0293071,40.46200686,411,0.094,0.1306,0.1096,0.1687,0.3074,0.3419,0.3432,0.3595,0.2652,0.1702,0.254
-87.39323124,32.95047412,412,0.0421,0.056,0.0641,0.0897,0.1662,0.1736,0.2186,0.1967,0.1659,0.0999,1.6609
-87.39323124,32.95047412,413,0.0672,0.0815,0.0741,0.1211,0.2109,0.2425,0.2248,0.2694,0.1794,0.104,1.86
-87.39323124,32.95047412,414,0.0345,0.053,0.0443,0.0889,0.2221,0.2506,0.2566,0.2709,0.1625,0.0809,2.23
-87.39323124,32.95047412,415,0.0592,0.0951,0.0683,0.1118,0.2418,0.2772,0.2866,0.307,0.1992,0.1054,4.9
-87.39323124,32.95047412,416,0.0758,0.0971,0.0733,0.1252,0.2609,0.307,0.3006,0.3294,0.2074,0.1113,4.24
-87.39323124,32.95047412,417,0.0572,0.0832,0.068,0.1162,0.2419,0.287,0.2731,0.3124,0.1945,0.1002,1.79
-87.39323124,32.95047412,418,0.0518,0.0713,0.0617,0.1027,0.2187,0.2599,0.242,0.2798,0.1759,0.0972,5.04
-87.39323124,32.95047412,419,0.0713,0.0794,0.0656,0.1038,0.2174,0.251,0.2444,0.2854,0.1772,0.0894,5.13
-87.39323124,32.95047412,420,0.0373,0.0561,0.043,0.0848,0.198,0.2231,0.2151,0.2463,0.152,0.0736,4.96
-87.39323124,32.95047412,421,0.057,0.0675,0.0533,0.0949,0.2045,0.2417,0.2302,0.2658,0.1534,0.0797,2.12
-87.39323124,32.95047412,422,0.0462,0.0624,0.0477,0.087,0.2052,0.2348,0.2253,0.2434,0.1454,0.0697,4.49
-87.39323124,32.95047412,423,0.0346,0.0516,0.043,0.0798,0.1773,0.203,0.1971,0.2311,0.1413,0.0676,4.41
-87.39323124,32.95047412,424,0.0482,0.0725,0.0602,0.0945,0.2049,0.2308,0.2383,0.2534,0.1678,0.0964,2.59
-87.39323124,32.95047412,425,0.0285,0.036,0.0375,0.0772,0.1484,0.1663,0.1822,0.1922,0.146,0.0877,2.18
-87.39323124,32.95047412,426,0.0403,0.0597,0.0502,0.0964,0.1996,0.2313,0.2298,0.2515,0.1516,0.0853,3.22
-87.39323124,32.95047412,427,0.0549,0.0675,0.0528,0.0987,0.2098,0.245,0.2338,0.2659,0.1672,0.0828,5.3
-87.39323124,32.95047412,428,0.103,0.1094,0.0977,0.1407,0.2632,0.3004,0.2978,0.3292,0.2132,0.116,2.11
-87.39323124,32.95047412,429,0.0413,0.0566,0.0428,0.0784,0.1767,0.198,0.1958,0.2277,0.1352,0.065,2.39
-87.39323124,32.95047412,430,0.0686,0.0791,0.0604,0.0977,0.2086,0.2533,0.263,0.281,0.1615,0.075,4.46
-87.39323124,32.95047412,431,0.0244,0.0354,0.0384,0.0607,0.1123,0.1272,0.154,0.1383,0.1344,0.0931,1.819068821
-87.39323124,32.95047412,432,0.0444,0.0633,0.0516,0.0864,0.181,0.2004,0.2224,0.2165,0.1611,0.0968,1.987564594
-87.39323124,32.95047412,433,0.0423,0.0618,0.0491,0.0766,0.1713,0.1964,0.1735,0.2061,0.1328,0.0864,4.615396606
-87.39323124,32.95047412,434,0.0782,0.104,0.0847,0.1385,0.2739,0.3059,0.2984,0.3357,0.224,0.1316,5.114683297
-87.39323124,32.95047412,435,0.0596,0.0878,0.0746,0.123,0.2418,0.2663,0.2644,0.2958,0.2,0.1224,2.286662707
-87.39323124,32.95047412,436,0.058,0.0775,0.0625,0.1077,0.2179,0.2498,0.2407,0.2739,0.1751,0.1022,4.94779825
-87.39323124,32.95047412,437,0.0597,0.0868,0.0692,0.1094,0.2154,0.2559,0.2594,0.2788,0.1789,0.1021,2.164638694
-87.39323124,32.95047412,438,0.0547,0.0742,0.0566,0.1051,0.2088,0.2493,0.2402,0.271,0.1693,0.0891,2.226541311
-87.39323124,32.95047412,439,0.0398,0.0526,0.0429,0.0769,0.169,0.2019,0.2056,0.2252,0.1289,0.0654,3.254967482
-87.39323124,32.95047412,440,0.028,0.0512,0.0444,0.0719,0.1735,0.2028,0.2048,0.2108,0.1289,0.0667,4.539104907
-87.39323124,32.95047412,441,0.0308,0.046,0.0438,0.0742,0.1576,0.1746,0.2013,0.1957,0.1239,0.0623,2.677363891
-119.0060241,37.00582863,442,0.0316,0.0502,0.053,0.0778,0.1275,0.1327,0.1453,0.1573,0.1651,0.124,3.511432526
-95.19222487,39.04051275,443,0.0338,0.0628,0.0404,0.11,0.212,0.2341,0.2308,0.2529,0.1897,0.1048,1.95166745
-95.19222487,39.04051275,444,0.0369,0.0558,0.0382,0.0894,0.3823,0.4648,0.4135,0.4876,0.2156,0.0957,6.593331019
-95.19222487,39.04051275,445,0.053,0.0639,0.0518,0.0997,0.358,0.4719,0.4327,0.4804,0.2223,0.1035,6.511231074
-95.19222487,39.04051275,446,0.0433,0.0524,0.0425,0.0773,0.2822,0.3794,0.3256,0.3908,0.1726,0.0734,6.953624494
-95.19222487,39.04051275,447,0.0448,0.0616,0.055,0.0949,0.3362,0.4465,0.4071,0.4574,0.2185,0.1005,5.692425863
-95.19222487,39.04051275,448,0.0305,0.0438,0.0309,0.072,0.2715,0.351,0.3304,0.3796,0.1662,0.077,6.137416056
-95.19222487,39.04051275,449,0.0457,0.0656,0.0518,0.0999,0.3503,0.4306,0.4047,0.4609,0.2303,0.1004,5.330902472
-95.19222487,39.04051275,450,0.0344,0.0524,0.0374,0.0888,0.3188,0.3879,0.3795,0.4166,0.2114,0.0935,5.227109879
-95.19222487,39.04051275,451,0.0476,0.0606,0.0445,0.0963,0.2912,0.3581,0.3409,0.391,0.2013,0.0875,4.784754511
-95.19222487,39.04051275,452,0.0371,0.0546,0.0398,0.0854,0.2639,0.3236,0.3107,0.3591,0.1875,0.0836,4.820839287
-95.19222487,39.04051275,453,0.0202,0.0419,0.0292,0.0795,0.191,0.2268,0.2248,0.2488,0.1492,0.0645,3.186783514
-95.19222487,39.04051275,454,0.0424,0.0769,0.0489,0.126,0.2643,0.2845,0.2802,0.303,0.2049,0.1146,3.266857042
-95.19222487,39.04051275,455,0.0598,0.0916,0.0611,0.1343,0.4446,0.5243,0.4972,0.5453,0.2346,0.1103,3.505590407
-95.19222487,39.04051275,456,0.0291,0.0492,0.0255,0.0712,0.2838,0.3409,0.3206,0.3646,0.1552,0.0666,3.81773779
-95.19222487,39.04051275,457,0.0357,0.0607,0.0399,0.0919,0.3509,0.4374,0.414,0.4552,0.204,0.0928,6.687013339
-95.19222487,39.04051275,458,0.0295,0.0448,0.0308,0.0668,0.2762,0.348,0.324,0.3692,0.1572,0.0784,4.249243067
-95.19222487,39.04051275,459,0.0378,0.0576,0.041,0.0721,0.2707,0.3427,0.2956,0.3741,0.168,0.0779,3.910006171
-95.19222487,39.04051275,460,0.0314,0.0456,0.0405,0.0696,0.2513,0.3121,0.278,0.3452,0.1593,0.0692,5.796148633
-95.19222487,39.04051275,461,0.0222,0.0376,0.0228,0.0646,0.2283,0.2915,0.2696,0.3107,0.1451,0.0599,4.599104765
-95.19222487,39.04051275,462,0.0326,0.0426,0.03,0.0711,0.2297,0.2901,0.27,0.3144,0.1528,0.0676,4.470116792
-95.19222487,39.04051275,463,0.0288,0.0398,0.0262,0.0614,0.1875,0.2312,0.2236,0.2626,0.1199,0.0525,3.978566896
-95.19222487,39.04051275,464,0.0238,0.0338,0.0248,0.0671,0.204,0.2438,0.2424,0.2705,0.1494,0.0644,3.374687837
-95.19222487,39.04051275,465,0.0311,0.0424,0.0288,0.0736,0.1952,0.2391,0.2427,0.2663,0.1562,0.0725,3.772795534
-95.19222487,39.04051275,466,0.043,0.0603,0.0403,0.0842,0.321,0.4216,0.3872,0.4366,0.1692,0.078,4.65819188
-95.19222487,39.04051275,467,0.0298,0.0455,0.0275,0.0799,0.3107,0.3887,0.3962,0.4322,0.1836,0.0842,5.01507331
-95.19222487,39.04051275,468,0.0646,0.0678,0.0566,0.1057,0.3748,0.5015,0.4687,0.5361,0.2478,0.1082,4.60436109
-95.19222487,39.04051275,469,0.039,0.0593,0.0403,0.0863,0.2744,0.3578,0.3352,0.3821,0.1818,0.0893,4.912413906
-95.19222487,39.04051275,470,0.018,0.0289,0.0154,0.0585,0.2117,0.2667,0.281,0.3046,0.139,0.0608,5.49162794
-95.19222487,39.04051275,471,0.0198,0.0333,0.0174,0.0643,0.2091,0.2729,0.2536,0.2967,0.1391,0.0602,4.821893228
-95.19222487,39.04051275,472,0.029,0.0443,0.053,0.0757,0.1176,0.1289,0.134,0.1649,0.1613,0.0835,3.630816837
-95.19222487,39.04051275,473,0.0462,0.085,0.0441,0.1348,0.3213,0.3615,0.354,0.3749,0.185,0.0949,3.630106846
-95.19222487,39.04051275,474,0.0437,0.072,0.0392,0.1197,0.3275,0.3823,0.3776,0.3949,0.1558,0.0748,4.282732035
-95.19222487,39.04051275,475,0.0872,0.112,0.0742,0.138,0.3268,0.3962,0.3952,0.4124,0.201,0.1125,4.71169434
-95.19222487,39.04051275,476,0.052,0.0684,0.044,0.1001,0.3657,0.4554,0.4292,0.4795,0.2258,0.1015,4.195406925
-95.19222487,39.04051275,477,0.0468,0.06,0.0406,0.0863,0.2906,0.3821,0.3412,0.4037,0.1826,0.085,4.902213229
-95.19222487,39.04051275,478,0.0446,0.0542,0.0372,0.0778,0.2633,0.3483,0.3168,0.3622,0.1632,0.0732,4.744728234
-95.19222487,39.04051275,479,0.0336,0.0436,0.0395,0.0738,0.2497,0.3218,0.3064,0.3431,0.1642,0.0697,5.460295515
-95.19222487,39.04051275,480,0.0289,0.0492,0.0385,0.0837,0.2746,0.3308,0.314,0.3646,0.1909,0.0853,4.552258254
-95.19222487,39.04051275,481,0.0318,0.0554,0.0328,0.0834,0.2564,0.315,0.3093,0.3431,0.1785,0.0829,4.242127537
-95.19222487,39.04051275,482,0.0335,0.0464,0.0305,0.0748,0.2201,0.2693,0.2632,0.2964,0.1459,0.0685,4.028860672
-95.19222487,39.04051275,483,0.0843,0.0937,0.0706,0.1183,0.2499,0.2901,0.2868,0.3275,0.2022,0.1004,3.289568799
-95.19222487,39.04051275,484,0.0267,0.0473,0.035,0.0862,0.1825,0.2185,0.2213,0.2438,0.1611,0.0826,2.433579279
-95.19222487,39.04051275,485,0.0264,0.0384,0.0424,0.0866,0.1172,0.1356,0.1332,0.1588,0.1499,0.0847,2.1916239
-95.19222487,39.04051275,486,0.0568,0.0784,0.0832,0.1243,0.1998,0.2155,0.2175,0.2421,0.2447,0.1534,3.453681241
-95.19222487,39.04051275,487,0.0328,0.0778,0.0379,0.1162,0.3633,0.4305,0.4208,0.4511,0.1939,0.0919,6.757959181
-95.19222487,39.04051275,488,0.025,0.0457,0.03,0.0835,0.3041,0.3774,0.3488,0.3951,0.1675,0.0788,4.122436821
-95.19222487,39.04051275,489,0.0333,0.0494,0.0428,0.0797,0.3038,0.3944,0.3628,0.4244,0.1776,0.0773,5.996172321
-95.19222487,39.04051275,490,0.031,0.0425,0.0265,0.0712,0.2708,0.3645,0.3252,0.389,0.1577,0.0719,6.314722375
-95.19222487,39.04051275,491,0.0272,0.0409,0.0383,0.0713,0.2611,0.3404,0.3072,0.3661,0.1612,0.0692,4.756016644
-95.19222487,39.04051275,492,0.0299,0.0418,0.0305,0.071,0.2475,0.3213,0.2866,0.349,0.1603,0.0677,4.713442232
-95.19222487,39.04051275,493,0.049,0.0603,0.0436,0.093,0.3363,0.4135,0.3975,0.4531,0.2161,0.0934,4.3154492
-95.19222487,39.04051275,494,0.0419,0.058,0.036,0.0851,0.2592,0.3223,0.3125,0.3555,0.1848,0.0845,4.20215519
-95.19222487,39.04051275,495,0.0389,0.0514,0.0395,0.0825,0.2449,0.2883,0.2884,0.3173,0.1745,0.078,4.008059029
-95.19222487,39.04051275,496,0.039,0.0519,0.0438,0.0842,0.2157,0.2613,0.2472,0.2937,0.1746,0.0801,3.185600526
-95.19222487,39.04051275,497,0.0294,0.0456,0.046,0.0891,0.1567,0.1826,0.1582,0.2047,0.1508,0.0775,4.517216378
-89.53750982,46.23404189,498,0.0323,0.0724,0.0235,0.1188,0.439,0.5488,0.5804,0.5422,0.233,0.0954,5.01
-89.53750982,46.23404189,499,0.0218,0.0548,0.018,0.0899,0.3634,0.4372,0.5424,0.4757,0.1959,0.0757,5.53
-89.53750982,46.23404189,500,0.0359,0.069,0.0274,0.1146,0.4646,0.5531,0.6437,0.5876,0.2428,0.0948,5.59
-89.53750982,46.23404189,501,0.0255,0.0576,0.0217,0.0944,0.3913,0.4735,0.5228,0.4847,0.2019,0.0772,5.35
-89.53750982,46.23404189,502,0.0346,0.0626,0.0276,0.1021,0.3539,0.4773,0.5312,0.4772,0.2094,0.084,5.52
-89.53750982,46.23404189,503,0.0266,0.0554,0.0292,0.1009,0.2808,0.3422,0.4048,0.4005,0.1751,0.0668,4.69
-89.53750982,46.23404189,504,0.0426,0.0724,0.0394,0.1408,0.3334,0.3643,0.3254,0.3892,0.2191,0.1031,3.01
-89.53750982,46.23404189,505,0.0262,0.0819,0.0235,0.1221,0.3479,0.4242,0.4452,0.4226,0.191,0.085,3.5
-89.53750982,46.23404189,506,0.0334,0.0866,0.0277,0.1317,0.3978,0.4702,0.5153,0.4784,0.2198,0.0981,5.94
-89.53750982,46.23404189,507,0.0406,0.0655,0.0328,0.118,0.3519,0.4213,0.3928,0.4269,0.1807,0.0799,4.66
-89.53750982,46.23404189,508,0.035,0.0882,0.0304,0.1537,0.5063,0.562,0.6376,0.6242,0.2533,0.1119,6.22
-89.53750982,46.23404189,509,0.0274,0.0634,0.0231,0.1023,0.4133,0.4765,0.528,0.5279,0.2272,0.0888,5.58
-89.53750982,46.23404189,510,0.0251,0.0592,0.0238,0.099,0.3882,0.5015,0.5401,0.4938,0.2156,0.0886,5.33
-89.53750982,46.23404189,511,0.0283,0.0524,0.0201,0.0798,0.3457,0.423,0.4744,0.4366,0.1858,0.0727,5.51
-89.53750982,46.23404189,512,0.0301,0.0582,0.0214,0.0906,0.3668,0.4477,0.4964,0.4832,0.2046,0.0786,5.73
-89.53750982,46.23404189,513,0.0222,0.0492,0.0176,0.0849,0.3045,0.3608,0.4184,0.4081,0.1677,0.0675,5.29
-89.53750982,46.23404189,514,0.0158,0.05,0.0194,0.0959,0.313,0.3876,0.43,0.4211,0.1637,0.065,4.94
-89.53750982,46.23404189,515,0.0185,0.0472,0.0378,0.0954,0.2474,0.3002,0.336,0.328,0.1695,0.0719,3.94
-89.53750982,46.23404189,516,0.0205,0.0696,0.106,0.1542,0.1801,0.213,0.2598,0.2412,0.174,0.0899,2.559
-89.53750982,46.23404189,517,0.0316,0.0619,0.0265,0.1035,0.3946,0.4887,0.5392,0.5132,0.213,0.0836,4.97
-89.53750982,46.23404189,518,0.0227,0.0547,0.0197,0.1019,0.3434,0.4328,0.4532,0.452,0.1959,0.0793,5.28
-89.53750982,46.23404189,519,0.0308,0.0646,0.0256,0.1074,0.367,0.4534,0.4832,0.4449,0.2115,0.0833,5.18
-89.53750982,46.23404189,520,0.0186,0.0509,0.0185,0.0949,0.3024,0.358,0.404,0.3715,0.1767,0.0681,4.55
-89.53750982,46.23404189,521,0.018,0.0605,0.0807,0.1763,0.2558,0.3058,0.3234,0.3558,0.1899,0.0816,3.47
-89.53750982,46.23404189,522,0.0364,0.0777,0.0392,0.1402,0.2669,0.307,0.3492,0.3234,0.2355,0.125,2.18
-89.53750982,46.23404189,523,0.0316,0.0774,0.0258,0.1209,0.3942,0.4983,0.5224,0.5056,0.2108,0.0872,4.43
-89.53750982,46.23404189,524,0.025,0.0693,0.0229,0.1254,0.4427,0.4988,0.5772,0.5429,0.2333,0.0948,5.85
-89.53750982,46.23404189,525,0.0356,0.0662,0.0263,0.1077,0.3761,0.4618,0.5172,0.4972,0.2102,0.0834,5.28
-89.53750982,46.23404189,526,0.0079,0.0163,0.0066,0.0206,0.0845,0.1129,0.1116,0.1123,0.0384,0.0167,5.78
-89.53750982,46.23404189,527,0.0228,0.0574,0.0234,0.0947,0.3554,0.4443,0.4876,0.4726,0.1987,0.0793,5.48
-89.53750982,46.23404189,528,0.0556,0.0786,0.0428,0.1232,0.3817,0.4567,0.488,0.49,0.2063,0.0805,5.26
-89.53750982,46.23404189,529,0.0203,0.0487,0.0192,0.0906,0.3156,0.367,0.4264,0.4095,0.1819,0.0726,5.65
-89.53750982,46.23404189,530,0.0471,0.0754,0.0362,0.1234,0.341,0.4238,0.4948,0.4674,0.2176,0.0888,4.7
-89.53750982,46.23404189,531,0.0168,0.052,0.0412,0.1097,0.2452,0.2576,0.3244,0.3114,0.167,0.0708,4.13
-89.53750982,46.23404189,532,0.0113,0.0638,0.0922,0.1671,0.2225,0.27,0.3329,0.3155,0.2027,0.094,2.969
-89.53750982,46.23404189,533,0.0275,0.0726,0.0239,0.1249,0.4458,0.5135,0.5673,0.5617,0.2233,0.0929,5.322852552
-99.24129118,47.12822492,534,0.0693,0.0917,0.0969,0.1295,0.216,0.2476,0.2338,0.2663,0.2867,0.1823,1.66
-99.24129118,47.12822492,535,0.0676,0.0891,0.0806,0.1277,0.2544,0.2925,0.2718,0.3091,0.2843,0.1756,1.2
-99.24129118,47.12822492,536,0.0578,0.0868,0.0659,0.1342,0.2815,0.3265,0.3062,0.3524,0.2727,0.1539,0.85
-99.24129118,47.12822492,537,0.0864,0.1104,0.101,0.1867,0.3109,0.3603,0.3404,0.3923,0.3581,0.2258,0.19
-99.24129118,47.12822492,538,0.0526,0.0778,0.0844,0.1473,0.2512,0.2913,0.2656,0.3072,0.3322,0.2084,0.35
-99.24129118,47.12822492,539,0.0647,0.0858,0.1048,0.1487,0.2087,0.2349,0.2306,0.2769,0.3194,0.1956,0.148
-99.24129118,47.12822492,540,0.0982,0.1176,0.1152,0.1678,0.247,0.2756,0.2802,0.3043,0.3487,0.2139,0.36
-99.24129118,47.12822492,541,0.0547,0.0717,0.0874,0.1257,0.1863,0.2063,0.2022,0.2434,0.2851,0.1738,0.152
-99.24129118,47.12822492,542,0.0646,0.094,0.0874,0.1382,0.252,0.2666,0.2562,0.3046,0.28,0.1676,1.65
-99.24129118,47.12822492,543,0.0507,0.0844,0.0615,0.1228,0.2666,0.3115,0.2938,0.337,0.2417,0.1368,1.35
-99.24129118,47.12822492,544,0.0474,0.0731,0.0568,0.1281,0.2779,0.3316,0.31,0.3432,0.2378,0.1231,1.35
-99.24129118,47.12822492,545,0.0419,0.0718,0.0484,0.1178,0.2673,0.3143,0.2863,0.3402,0.2229,0.1137,1.09
-99.24129118,47.12822492,546,0.05,0.0677,0.0588,0.1179,0.238,0.2759,0.2634,0.3151,0.2409,0.1352,0.548
-99.24129118,47.12822492,547,0.0386,0.0607,0.0607,0.1254,0.2157,0.2517,0.2266,0.2807,0.2517,0.1424,0.3
-99.24129118,47.12822492,548,0.049,0.071,0.0846,0.125,0.2033,0.2219,0.2108,0.249,0.2724,0.1601,0.179
-99.24129118,47.12822492,549,0.0919,0.1184,0.1268,0.1801,0.2964,0.3333,0.3296,0.3853,0.3548,0.2102,1.86
-99.24129118,47.12822492,550,0.0791,0.1092,0.1258,0.1911,0.2781,0.3138,0.2908,0.3635,0.3477,0.2032,0.66
-99.24129118,47.12822492,551,0.0725,0.0892,0.1074,0.1518,0.2193,0.2475,0.2542,0.2876,0.3227,0.2099,0.67
-99.24129118,47.12822492,552,0.0705,0.0893,0.0954,0.1408,0.2175,0.2467,0.2416,0.2812,0.3146,0.2025,0.454
-99.24129118,47.12822492,553,0.0532,0.0828,0.0853,0.1347,0.2303,0.2496,0.2404,0.2829,0.3118,0.186,0.268
-99.24129118,47.12822492,554,0.0691,0.084,0.0857,0.129,0.1995,0.2247,0.215,0.2555,0.3209,0.2054,0.274
-99.24129118,47.12822492,555,0.0564,0.0738,0.0855,0.1165,0.1993,0.2128,0.191,0.2238,0.3239,0.212,0.8
-99.24129118,47.12822492,556,0.0559,0.0758,0.0769,0.112,0.1899,0.2194,0.1918,0.2361,0.2994,0.1936,0.463
-99.24129118,47.12822492,557,0.0648,0.0844,0.0924,0.1282,0.2178,0.2378,0.2378,0.2648,0.3089,0.2108,0.769775589
-99.24129118,47.12822492,558,0.068,0.0862,0.0864,0.1285,0.24,0.269,0.2372,0.2904,0.2771,0.1848,1.183846458
-99.24129118,47.12822492,559,0.0566,0.0842,0.0778,0.1241,0.2491,0.2832,0.2636,0.3111,0.2423,0.1429,1.240919988
-99.24129118,47.12822492,560,0.0505,0.0788,0.0698,0.1245,0.2458,0.2798,0.268,0.3055,0.2398,0.1416,0.962390624
-99.24129118,47.12822492,561,0.0836,0.1016,0.095,0.1433,0.2638,0.3068,0.292,0.3385,0.3013,0.1918,0.591224548
-99.24129118,47.12822492,562,0.0562,0.0818,0.0946,0.1487,0.2192,0.2289,0.2304,0.2817,0.3064,0.1851,0.456097909
-99.24129118,47.12822492,563,0.0558,0.0756,0.081,0.1181,0.1755,0.1859,0.193,0.2226,0.2655,0.1759,0.294355125
-71.28733651,44.06389182,564,0.0352,0.0491,0.0542,0.0946,0.1699,0.1965,0.2339,0.2133,0.1628,0.0992,3.658
-71.28733651,44.06389182,565,0.03,0.0643,0.0278,0.1033,0.3182,0.3836,0.3902,0.3932,0.1789,0.0783,4.87
-71.28733651,44.06389182,566,0.0308,0.0686,0.0277,0.1047,0.3552,0.4146,0.4116,0.4307,0.1912,0.0848,6.16
-71.28733651,44.06389182,567,0.0226,0.0497,0.0204,0.0886,0.3186,0.3879,0.3986,0.4105,0.1873,0.0812,5.52
-71.28733651,44.06389182,568,0.0245,0.0475,0.0206,0.0788,0.2874,0.3507,0.3587,0.3753,0.1744,0.0747,5.96
-71.28733651,44.06389182,569,0.0195,0.051,0.0181,0.076,0.2776,0.3271,0.3748,0.3496,0.1617,0.0698,4.86
-71.28733651,44.06389182,570,0.0247,0.0447,0.025,0.0938,0.2821,0.3357,0.3176,0.3524,0.1549,0.0647,5.35
-71.28733651,44.06389182,571,0.0525,0.0532,0.0364,0.0766,0.1905,0.219,0.2342,0.2293,0.1186,0.0707,4.57
-71.28733651,44.06389182,572,0.0255,0.0586,0.0302,0.0963,0.3244,0.3971,0.3885,0.4184,0.1813,0.0793,5.32
-71.28733651,44.06389182,573,0.0309,0.0575,0.0273,0.0871,0.3276,0.4117,0.4239,0.425,0.1802,0.0753,6.32
-71.28733651,44.06389182,574,0.0286,0.0489,0.0192,0.0731,0.2968,0.3737,0.3943,0.3932,0.1783,0.0739,4.95
-71.28733651,44.06389182,575,0.0554,0.0661,0.0447,0.1131,0.3436,0.4277,0.4091,0.4541,0.2186,0.1155,5.16
-71.28733651,44.06389182,576,0.0196,0.0362,0.015,0.0708,0.2892,0.3509,0.3617,0.3831,0.1637,0.0683,4.996
-71.28733651,44.06389182,577,0.0232,0.0434,0.0222,0.074,0.2679,0.3242,0.3338,0.3553,0.1622,0.063,5.64
-71.28733651,44.06389182,578,0.0158,0.0349,0.0153,0.0764,0.2656,0.3161,0.3521,0.3456,0.1479,0.0626,4.819
-71.28733651,44.06389182,579,0.0162,0.0431,0.0376,0.1065,0.2288,0.2652,0.319,0.2954,0.1482,0.0663,4.82
-71.28733651,44.06389182,580,0.0369,0.0749,0.0287,0.1124,0.366,0.4484,0.4808,0.4677,0.2038,0.0936,5.73
-71.28733651,44.06389182,581,0.038,0.0658,0.035,0.0895,0.3159,0.3803,0.3638,0.4079,0.1811,0.0732,5.77
-71.28733651,44.06389182,582,0.0209,0.0448,0.0167,0.0675,0.2709,0.3282,0.3495,0.3605,0.1697,0.0686,5.05
-71.28733651,44.06389182,583,0.0252,0.0448,0.0211,0.0755,0.2594,0.3221,0.3342,0.3502,0.1633,0.0673,4.88
-71.28733651,44.06389182,584,0.0103,0.0299,0.017,0.08,0.2556,0.3122,0.2945,0.3273,0.1475,0.0615,5.55
-71.28733651,44.06389182,585,0.0331,0.0706,0.0353,0.1093,0.281,0.306,0.3108,0.3317,0.1653,0.0794,3.990695528
-71.28733651,44.06389182,586,0.0311,0.0532,0.0265,0.0855,0.2977,0.3588,0.3548,0.3819,0.1633,0.0699,5.562094617
-71.28733651,44.06389182,587,0.0266,0.0498,0.0237,0.0823,0.2985,0.3721,0.3796,0.4013,0.1727,0.0702,4.429105631
-71.28733651,44.06389182,588,0.0398,0.0574,0.0288,0.0795,0.2584,0.3237,0.3532,0.353,0.1543,0.0626,5.12816591
-71.28733651,44.06389182,589,0.0928,0.1216,0.1028,0.1669,0.3333,0.3869,0.3944,0.409,0.2399,0.1727,5.11625758
-71.28733651,44.06389182,590,0.0251,0.0396,0.032,0.0965,0.2499,0.3125,0.3152,0.3224,0.1445,0.062,5.090943171
-71.28733651,44.06389182,591,0.0228,0.0342,0.0494,0.0926,0.1687,0.2054,0.2376,0.2467,0.1485,0.0832,3.488932481
-78.0715932,39.06027569,592,0.0435,0.0778,0.0377,0.1087,0.3117,0.346,0.3701,0.3815,0.1834,0.093,2.83
-78.0715932,39.06027569,593,0.0447,0.0733,0.0375,0.104,0.3406,0.3987,0.4301,0.4324,0.1878,0.083,6.63
-78.0715932,39.06027569,594,0.0317,0.0502,0.0263,0.0813,0.2577,0.3128,0.2814,0.3431,0.1631,0.0694,4.796
-78.0715932,39.06027569,595,0.0404,0.0587,0.0373,0.0877,0.2398,0.2871,0.2814,0.3109,0.1646,0.0725,3.589
-78.0715932,39.06027569,596,0.0215,0.0466,0.0232,0.083,0.2304,0.2669,0.2678,0.2927,0.1539,0.0729,3.642
-78.0715932,39.06027569,597,0.0417,0.0842,0.042,0.1246,0.4456,0.5443,0.524,0.5754,0.2228,0.0962,5.93
-78.0715932,39.06027569,598,0.0425,0.0662,0.0339,0.0982,0.3556,0.4285,0.3865,0.4649,0.1918,0.0797,5.332
-78.0715932,39.06027569,599,0.0774,0.085,0.0713,0.0746,0.1545,0.1828,0.226,0.1771,0.0817,0.0383,5.54
-78.0715932,39.06027569,600,0.0367,0.0663,0.0314,0.0957,0.339,0.408,0.3906,0.4298,0.1769,0.0735,5.291
-78.0715932,39.06027569,601,0.0407,0.0597,0.0314,0.0858,0.2852,0.3469,0.3175,0.3813,0.1622,0.068,5.14
-78.0715932,39.06027569,602,0.0218,0.0465,0.0197,0.0778,0.2827,0.3506,0.3536,0.39,0.1558,0.0645,5.122
-78.0715932,39.06027569,603,0.0477,0.0796,0.0458,0.1081,0.3079,0.3773,0.3824,0.4019,0.1646,0.0714,5.95
-78.0715932,39.06027569,604,0.0198,0.0517,0.0207,0.0853,0.2903,0.336,0.3818,0.3617,0.1505,0.0657,4.73
-78.0715932,39.06027569,605,0.0152,0.0434,0.0236,0.0831,0.2145,0.2501,0.2402,0.2818,0.1431,0.0672,3.327
-78.0715932,39.06027569,606,0.0412,0.0693,0.0383,0.1117,0.256,0.2925,0.2764,0.2989,0.1871,0.0994,2.14
-78.0715932,39.06027569,607,0.0375,0.0793,0.036,0.1269,0.3847,0.4302,0.4176,0.4594,0.1839,0.0869,4.627
-78.0715932,39.06027569,608,0.0291,0.0736,0.0299,0.1166,0.3709,0.444,0.4804,0.4602,0.1879,0.0823,5.82
-78.0715932,39.06027569,609,0.0473,0.0772,0.0408,0.113,0.327,0.3911,0.3916,0.4131,0.1904,0.0814,5.622
-78.0715932,39.06027569,610,0.038,0.0571,0.0304,0.0908,0.2731,0.3296,0.2964,0.3525,0.1707,0.0789,5.174
-78.0715932,39.06027569,611,0.0361,0.0594,0.0313,0.0887,0.2593,0.3102,0.3097,0.3398,0.1677,0.0758,4.993
-78.0715932,39.06027569,612,0.0373,0.0647,0.0323,0.0929,0.2709,0.3194,0.3195,0.3484,0.1639,0.0714,4.634
-78.0715932,39.06027569,613,0.0216,0.0498,0.0266,0.0799,0.2131,0.2449,0.2422,0.2682,0.1489,0.0683,3.969
-78.0715932,39.06027569,614,0.0422,0.0481,0.0454,0.0771,0.1321,0.1469,0.154,0.1634,0.1735,0.1171,1.5794918
-78.0715932,39.06027569,615,0.0337,0.0701,0.047,0.1115,0.2483,0.2862,0.3016,0.2949,0.1909,0.1069,1.910190403
-78.0715932,39.06027569,616,0.0288,0.0624,0.0295,0.1036,0.3881,0.4612,0.4711,0.4777,0.1851,0.0873,5.948995011
-78.0715932,39.06027569,617,0.0366,0.0622,0.033,0.0903,0.3537,0.4307,0.4428,0.4601,0.1866,0.077,5.509975373
-78.0715932,39.06027569,618,0.0481,0.0674,0.0327,0.1078,0.3858,0.4633,0.4735,0.4936,0.2066,0.091,5.583103584
-78.0715932,39.06027569,619,0.0574,0.0714,0.0405,0.1007,0.3385,0.4065,0.4096,0.4358,0.1917,0.0906,6.867953507
-78.0715932,39.06027569,620,0.031,0.0493,0.0243,0.0855,0.2745,0.3302,0.322,0.3597,0.1581,0.0682,4.549985078
-97.57006543,33.40124873,621,0.0452,0.07,0.0455,0.1048,0.2078,0.2326,0.2459,0.2512,0.1941,0.1114,3.403204605
-97.57006543,33.40124873,622,0.0249,0.0476,0.0277,0.0769,0.2123,0.2552,0.2597,0.2682,0.1648,0.0888,2.9887191
-97.57006543,33.40124873,623,0.0359,0.0529,0.0343,0.0804,0.2304,0.2771,0.2699,0.2938,0.1832,0.0944,4.258652703
-97.57006543,33.40124873,624,0.0681,0.0746,0.0563,0.0967,0.2601,0.3248,0.3216,0.3458,0.2112,0.1089,3.869238313
-97.57006543,33.40124873,625,0.0379,0.0589,0.0425,0.0839,0.2229,0.271,0.2824,0.2955,0.1648,0.079,4.620133572
-97.57006543,33.40124873,626,0.0509,0.056,0.0407,0.062,0.1423,0.1783,0.1606,0.1848,0.0993,0.0493,3.849693448
-97.57006543,33.40124873,627,0.0254,0.0434,0.0316,0.0763,0.2014,0.2442,0.2548,0.2698,0.1748,0.0913,4.374731197
-97.57006543,33.40124873,628,0.0409,0.0509,0.0385,0.0769,0.2092,0.2564,0.2712,0.2867,0.185,0.0942,2.802501191
-97.57006543,33.40124873,629,0.0516,0.0593,0.0462,0.081,0.1925,0.2391,0.2364,0.2663,0.19,0.097,2.739631102
-97.57006543,33.40124873,630,0.0369,0.0429,0.0341,0.0674,0.1578,0.1927,0.1924,0.218,0.1634,0.0851,2.769690902
-97.57006543,33.40124873,631,0.0313,0.0395,0.0297,0.0647,0.1464,0.1831,0.1792,0.2069,0.1621,0.0834,2.277575215
-97.57006543,33.40124873,632,0.0308,0.0372,0.0297,0.0592,0.1346,0.1702,0.1878,0.1933,0.1487,0.0738,3.366367201
-97.57006543,33.40124873,633,0.0252,0.0299,0.029,0.0487,0.1231,0.1517,0.1774,0.1733,0.1353,0.0704,3.391664989
-97.57006543,33.40124873,634,0.0128,0.0275,0.0249,0.0571,0.1118,0.1321,0.1482,0.1521,0.1292,0.0684,1.718380345
-97.57006543,33.40124873,635,0.0363,0.0633,0.0352,0.1049,0.2244,0.2507,0.274,0.265,0.1835,0.1017,2.118092589
-97.57006543,33.40124873,636,0.0476,0.0616,0.0422,0.0872,0.2374,0.2835,0.3072,0.3159,0.1828,0.0875,3.55335391
-97.57006543,33.40124873,637,0.0324,0.0477,0.0355,0.08,0.2164,0.2648,0.2845,0.2931,0.1778,0.087,3.509598115
-97.57006543,33.40124873,638,0.0272,0.0368,0.0279,0.0718,0.1771,0.221,0.1982,0.244,0.1678,0.0847,2.588668655
-97.57006543,33.40124873,639,0.035,0.0538,0.0354,0.0699,0.1769,0.214,0.2194,0.2434,0.1609,0.073,2.789497813
-97.57006543,33.40124873,640,0.0322,0.0455,0.0378,0.0695,0.1456,0.1738,0.193,0.1999,0.1509,0.0736,2.449863289
-97.57006543,33.40124873,641,0.03,0.048,0.0368,0.065,0.1379,0.1631,0.1786,0.1841,0.1474,0.0722,2.047843052
-97.57006543,33.40124873,642,0.0347,0.0451,0.0371,0.0622,0.1232,0.1514,0.1816,0.1716,0.1529,0.0794,1.945919055
-97.57006543,33.40124873,643,0.0269,0.0438,0.037,0.0626,0.1199,0.1403,0.1688,0.1609,0.138,0.0757,2.177112374
-97.57006543,33.40124873,644,0.0481,0.0691,0.073,0.1043,0.1606,0.1787,0.1962,0.2004,0.2117,0.1443,1.136777425
-97.57006543,33.40124873,645,0.0464,0.0672,0.0393,0.0813,0.2592,0.3208,0.3216,0.3379,0.1714,0.0839,3.222618092
-97.57006543,33.40124873,646,0.0488,0.065,0.0507,0.0848,0.248,0.311,0.3124,0.3315,0.1785,0.0903,3.021463377
-97.57006543,33.40124873,647,0.0478,0.0581,0.0454,0.0816,0.2466,0.3074,0.3183,0.3254,0.1734,0.085,3.216602978
-97.57006543,33.40124873,648,0.0446,0.0554,0.0392,0.0873,0.2303,0.281,0.2796,0.3074,0.184,0.0898,2.351956884
-97.57006543,33.40124873,649,0.0374,0.0526,0.0481,0.0956,0.2254,0.2686,0.2778,0.2979,0.1938,0.0949,2.950206561
-97.57006543,33.40124873,650,0.0342,0.0452,0.0316,0.065,0.1838,0.2259,0.2354,0.2444,0.1595,0.0791,2.442585505
-97.57006543,33.40124873,651,0.0397,0.0446,0.0378,0.0721,0.1664,0.1939,0.215,0.2206,0.1558,0.0776,2.120760119
-97.57006543,33.40124873,652,0.0235,0.0351,0.0335,0.062,0.1441,0.164,0.1926,0.1902,0.1478,0.0809,1.731801603
-97.57006543,33.40124873,653,0.0286,0.0445,0.0412,0.0709,0.129,0.1599,0.2128,0.1843,0.1493,0.0806,1.972360561
-87.80394098,32.54174066,654,0.0326,0.047,0.0529,0.0897,0.1353,0.1475,0.1664,0.1744,0.2193,0.1456,0.993
-87.80394098,32.54174066,655,0.0081,0.0333,0.004,0.04,0.1758,0.2193,0.2238,0.2291,0.0765,0.0318,4.7
-87.80394098,32.54174066,656,0.0698,0.0868,0.0766,0.1199,0.2928,0.3662,0.3742,0.388,0.2119,0.1498,3.314
-87.80394098,32.54174066,657,0.0255,0.041,0.02,0.0701,0.2833,0.3708,0.3646,0.4031,0.1746,0.0725,6.62
-87.80394098,32.54174066,658,0.0214,0.0377,0.0179,0.0673,0.2829,0.3766,0.3614,0.4046,0.1799,0.0734,5.263
-87.80394098,32.54174066,659,0.0471,0.0596,0.0339,0.0822,0.2956,0.3931,0.3842,0.4228,0.1911,0.0823,5.272
-87.80394098,32.54174066,660,0.0334,0.0482,0.0274,0.0772,0.2609,0.3408,0.3349,0.3732,0.1846,0.0776,4.663
-87.80394098,32.54174066,661,0.0429,0.0549,0.0355,0.0856,0.2777,0.3631,0.3632,0.3918,0.1759,0.0798,6.1
-87.80394098,32.54174066,662,0.0388,0.0483,0.027,0.0715,0.2169,0.2759,0.2698,0.3078,0.168,0.0706,5.66
-87.80394098,32.54174066,663,0.0171,0.031,0.0161,0.0594,0.1989,0.2455,0.2604,0.2815,0.1544,0.0635,5.56
-87.80394098,32.54174066,664,0.023,0.03,0.0177,0.0593,0.1886,0.2373,0.2242,0.266,0.162,0.0666,5.14
-87.80394098,32.54174066,665,0.0238,0.032,0.0244,0.0662,0.1582,0.1998,0.208,0.226,0.1584,0.0677,4.23
-87.80394098,32.54174066,666,0.1012,0.0929,0.0777,0.1112,0.1861,0.2124,0.2618,0.2455,0.2038,0.1175,3.569
-87.80394098,32.54174066,667,0.0437,0.0545,0.0346,0.0821,0.2921,0.3823,0.3576,0.4039,0.1739,0.0735,5.62
-87.80394098,32.54174066,668,0.0333,0.0454,0.0314,0.0732,0.2172,0.2728,0.2578,0.3082,0.1645,0.0679,5.19
-87.80394098,32.54174066,669,0.0216,0.0514,0.0209,0.0859,0.2675,0.3135,0.3105,0.3252,0.145,0.0668,4.33
-87.80394098,32.54174066,670,0.0361,0.052,0.0329,0.0824,0.3281,0.427,0.4285,0.4639,0.175,0.0752,5.3
-87.80394098,32.54174066,671,0.0243,0.0415,0.022,0.0708,0.2824,0.3607,0.3632,0.3933,0.17,0.0706,5.38
-87.80394098,32.54174066,672,0.0331,0.044,0.0232,0.0748,0.2878,0.3822,0.3574,0.4126,0.1855,0.0813,4.546
-87.80394098,32.54174066,673,0.049,0.0588,0.0332,0.0798,0.2562,0.3323,0.3164,0.3801,0.187,0.0762,5.58
-87.80394098,32.54174066,674,0.0312,0.0444,0.0235,0.0731,0.259,0.3313,0.324,0.3758,0.1865,0.0753,5.43
-87.80394098,32.54174066,675,0.0261,0.0357,0.0235,0.0594,0.1934,0.2391,0.2459,0.273,0.1482,0.0585,3.947
-87.80394098,32.54174066,676,0.0131,0.026,0.0172,0.0497,0.1616,0.2003,0.2189,0.2308,0.1349,0.0561,4.09
-87.80394098,32.54174066,677,0.0474,0.063,0.0572,0.1006,0.1566,0.1698,0.1788,0.1934,0.1761,0.1203,2.270641882
-87.80394098,32.54174066,678,0.0538,0.0658,0.0414,0.0916,0.3054,0.3974,0.3749,0.4408,0.1746,0.0748,4.33521018
-87.80394098,32.54174066,679,0.0384,0.0572,0.0332,0.079,0.2965,0.3961,0.4009,0.4306,0.1917,0.081,4.515394827
-87.80394098,32.54174066,680,0.0338,0.0407,0.026,0.069,0.2442,0.3215,0.3002,0.3564,0.1771,0.074,5.8707969
-87.80394098,32.54174066,681,0.0374,0.0464,0.0271,0.0719,0.2506,0.3234,0.314,0.3557,0.1827,0.0765,4.348660166
-87.80394098,32.54174066,682,0.14,0.1614,0.162,0.2097,0.3363,0.3911,0.372,0.4077,0.2579,0.1945,6.391370281
-87.80394098,32.54174066,683,0.0916,0.1038,0.0809,0.1366,0.2875,0.3545,0.3332,0.4018,0.2121,0.0964,6.730571606
-87.80394098,32.54174066,684,0.0375,0.0429,0.03,0.0646,0.1648,0.1956,0.2056,0.2317,0.153,0.0683,3.543087745
-87.80394098,32.54174066,685,0.0147,0.0259,0.0169,0.0552,0.1438,0.1759,0.1922,0.2135,0.1461,0.0654,4.331745262
-87.80394098,32.54174066,686,0.0209,0.0286,0.0278,0.0606,0.1475,0.1745,0.1776,0.213,0.1528,0.0702,2.836866192
-87.80394098,32.54174066,687,0.0125,0.0212,0.0319,0.0734,0.1071,0.1295,0.1064,0.1478,0.1722,0.0999,3.171892963
-81.43632292,28.12508374,688,0.0901,0.1117,0.1008,0.1437,0.2449,0.2777,0.2662,0.2962,0.2815,0.219,1.4
-81.43632292,28.12508374,689,0.0503,0.0762,0.0591,0.123,0.2536,0.2859,0.278,0.3105,0.2102,0.1214,1.11
-81.43632292,28.12508374,690,0.0848,0.106,0.0907,0.1487,0.247,0.2838,0.2743,0.309,0.2159,0.1333,1.01
-81.43632292,28.12508374,691,0.028,0.0377,0.0289,0.0627,0.1116,0.1266,0.1179,0.14,0.0803,0.0417,0.59
-81.43632292,28.12508374,692,0.0743,0.0932,0.0869,0.1309,0.2174,0.2485,0.2546,0.2739,0.2198,0.1376,0.78
-81.43632292,28.12508374,693,0.0433,0.0705,0.066,0.1282,0.2227,0.253,0.2624,0.2904,0.2364,0.1419,0.433
-81.43632292,28.12508374,694,0.0427,0.0631,0.061,0.1077,0.1865,0.2161,0.2266,0.2416,0.2142,0.1337,0.469
-81.43632292,28.12508374,695,0.0604,0.0838,0.082,0.1338,0.2133,0.2506,0.2522,0.2875,0.2531,0.1471,0.389
-81.43632292,28.12508374,696,0.0546,0.0734,0.0735,0.1219,0.1932,0.2202,0.229,0.2598,0.2441,0.1442,0.199
-81.43632292,28.12508374,697,0.0377,0.0547,0.0666,0.1037,0.1544,0.1765,0.1903,0.2056,0.2206,0.136,0.112
-81.43632292,28.12508374,698,0.0615,0.0833,0.0962,0.1372,0.1964,0.2252,0.2336,0.2572,0.2709,0.1857,0.102
-81.43632292,28.12508374,699,0.0835,0.0952,0.1067,0.1551,0.2127,0.2386,0.2643,0.2747,0.3101,0.1985,0.162
-81.43632292,28.12508374,700,0.0727,0.1041,0.1153,0.1694,0.2551,0.2851,0.2905,0.3191,0.3224,0.1907,0.331
-81.43632292,28.12508374,701,0.0753,0.1015,0.1217,0.1812,0.2405,0.2699,0.2697,0.3118,0.3505,0.2177,0.11
-81.43632292,28.12508374,702,0.0955,0.1176,0.1286,0.1824,0.2464,0.2846,0.2825,0.321,0.297,0.2064,0.326
-81.43632292,28.12508374,703,0.075,0.0971,0.0979,0.1457,0.2234,0.264,0.2683,0.2902,0.2847,0.1738,0.476
-81.43632292,28.12508374,704,0.067,0.0898,0.0907,0.1384,0.2204,0.2435,0.2559,0.2782,0.2647,0.1625,0.495
-81.43632292,28.12508374,705,0.0469,0.0659,0.0678,0.1101,0.1952,0.2316,0.2447,0.262,0.246,0.1381,0.334
-81.43632292,28.12508374,706,0.034,0.0582,0.0592,0.1066,0.1863,0.2192,0.2186,0.2476,0.2084,0.1142,0.351
-81.43632292,28.12508374,707,0.047,0.0659,0.0706,0.1199,0.199,0.2311,0.2453,0.2631,0.2522,0.148,0.427
-81.43632292,28.12508374,708,0.0396,0.0577,0.063,0.1067,0.1739,0.2016,0.2176,0.2293,0.2196,0.1252,0.335
-81.43632292,28.12508374,709,0.0499,0.0673,0.0812,0.1185,0.1703,0.1966,0.2022,0.2262,0.2373,0.1462,0.131
-81.43632292,28.12508374,710,0.053,0.0722,0.0716,0.116,0.2107,0.2403,0.2471,0.2626,0.2273,0.1559,1.232596579
-81.43632292,28.12508374,711,0.0786,0.1012,0.1058,0.1637,0.2506,0.2834,0.2841,0.3205,0.3253,0.2411,0.883596391
-81.43632292,28.12508374,712,0.0785,0.1092,0.103,0.1676,0.2745,0.3087,0.3031,0.3371,0.2999,0.2243,1.094504898
-81.43632292,28.12508374,713,0.0766,0.1068,0.0961,0.168,0.2857,0.3193,0.3089,0.3532,0.2723,0.19,1.171977292
-81.43632292,28.12508374,714,0.0635,0.1009,0.087,0.1681,0.2862,0.3219,0.314,0.3553,0.2935,0.1969,1.372982006
-81.43632292,28.12508374,715,0.0382,0.0654,0.055,0.1176,0.208,0.2392,0.2361,0.2678,0.1876,0.0953,0.691667499
